mfcc_1,mfcc_2,mfcc_3,mfcc_4,mfcc_5,mfcc_6,mfcc_7,mfcc_8,mfcc_9,mfcc_10,mfcc_11,mfcc_12,mfcc_13,delta_mfcc_1,delta_mfcc_2,delta_mfcc_3,delta_mfcc_4,delta_mfcc_5,delta_mfcc_6,delta_mfcc_7,delta_mfcc_8,delta_mfcc_9,delta_mfcc_10,delta_mfcc_11,delta_mfcc_12,delta_mfcc_13,chroma_1,chroma_2,chroma_3,chroma_4,chroma_5,chroma_6,chroma_7,chroma_8,chroma_9,chroma_10,chroma_11,chroma_12,contrast_1,contrast_2,contrast_3,contrast_4,contrast_5,contrast_6,contrast_7,zcr,file,label
-290.8910217285156,103.32319641113281,31.521793365478516,18.50633430480957,8.285327911376953,-11.99654769897461,-14.400553703308105,2.9997847080230713,-7.950425624847412,1.6049898862838745,-5.08304500579834,3.3681554794311523,-5.722042083740234,0.004694081377238035,0.00250190868973732,-0.021254869177937508,-0.01457419153302908,0.008860756643116474,-0.006598653271794319,-0.005564311519265175,0.00820524524897337,0.007746315095573664,0.015103204175829887,0.014160552993416786,0.00781091395765543,-0.007927981205284595,0.34909647703170776,0.34323951601982117,0.38195496797561646,0.4020569920539856,0.4227841794490814,0.44007471203804016,0.42733559012413025,0.3843771517276764,0.3635406792163849,0.3799645006656647,0.41262173652648926,0.39120423793792725,20.89450442129849,15.076815421890242,18.828425869300006,17.488915533010914,18.271144840968937,17.66522370490078,31.807069069055412,0.10215767525337838,AbeBurrows_5.wav,alzehiemer
-298.1248779296875,92.7962417602539,11.258208274841309,10.074308395385742,-14.415175437927246,2.253958225250244,-15.372137069702148,-5.864001274108887,-8.123696327209473,-0.9346086382865906,-0.8807823657989502,-3.468906879425049,-10.37602710723877,-0.08460837602615356,0.1002514436841011,0.0045974282547831535,-0.03546615317463875,0.01021374948322773,-0.0010651627089828253,0.009994672611355782,-0.010430888272821903,-0.004002952482551336,0.017519893124699593,0.014570589177310467,-0.011716422624886036,-0.013830328360199928,0.4149099290370941,0.4018823206424713,0.41016706824302673,0.4123937487602234,0.38483160734176636,0.36884981393814087,0.37541526556015015,0.39417341351509094,0.3889552354812622,0.4317437708377838,0.41398629546165466,0.4236893057823181,21.704051373331396,15.70112783437172,18.173439842396977,16.787609514848555,16.830124638604218,16.819138674288865,30.21926506344146,0.1461292881525347,BarryCohen_5.wav,alzehiemer
-290.1509094238281,122.68228912353516,6.487182140350342,22.660751342773438,6.4323506355285645,-4.6739654541015625,-10.450406074523926,-2.3820607662200928,-7.630840301513672,1.7259937524795532,-0.6906182765960693,1.5158354043960571,-2.955209255218506,-0.05773488059639931,0.0022320025600492954,0.0200953371822834,0.03581392392516136,0.01844613067805767,-0.0037935501895844936,0.00509185716509819,-0.0016781099839136004,-0.00706398906186223,-0.010030502453446388,-0.019847199320793152,-0.0040758587419986725,0.0016052768332883716,0.3642657399177551,0.40340304374694824,0.48243531584739685,0.5037237405776978,0.4567869007587433,0.4613218903541565,0.41179177165031433,0.3679848909378052,0.3697158694267273,0.36012327671051025,0.3867549002170563,0.40132448077201843,22.86648649552278,14.120054364744174,18.411773839943066,16.38104247453297,18.392048319626905,19.628221839179783,29.35348867232841,0.0861923120169243,BenBradlee_15.wav,alzehiemer
-199.21543884277344,106.74436950683594,-7.7758259773254395,19.73454475402832,-4.810340404510498,0.7150762677192688,-14.80795669555664,-7.878012180328369,-6.074315071105957,-6.830225944519043,-7.885684490203857,-5.620168209075928,-11.804169654846191,0.07467910647392273,0.048378247767686844,0.021526766940951347,-0.02083997055888176,0.007369481958448887,0.0006610837881453335,-0.03054836206138134,-0.03508026525378227,0.0045888423919677734,-0.010886941105127335,-0.00024366512661799788,0.008987541310489178,-0.013691461645066738,0.41384223103523254,0.42891696095466614,0.40669333934783936,0.39859476685523987,0.36222702264785767,0.3806813359260559,0.39619502425193787,0.4174630343914032,0.43195316195487976,0.4048539698123932,0.40090489387512207,0.40477749705314636,20.92996469684081,15.777296492023167,18.158899768355226,16.308391870144305,17.883649893644233,20.525396061401256,32.55018786273752,0.12481121016580432,BenBradlee_5.wav,alzehiemer
-471.4599304199219,133.3041229248047,37.536319732666016,25.147472381591797,9.09819221496582,6.1687140464782715,-0.5476210713386536,0.4435845911502838,-1.4747319221496582,1.7425957918167114,-2.616230010986328,2.2767791748046875,-0.92061448097229,-0.1666056364774704,-0.04369867965579033,0.1016378328204155,0.056256234645843506,0.006257809232920408,-0.01425008475780487,-0.0070786564610898495,-0.003409972647204995,-0.0164885763078928,-0.002661224687471986,0.014816878363490105,0.01011679694056511,-0.007040101103484631,0.4561312794685364,0.4012080132961273,0.40631839632987976,0.3990815281867981,0.3496560752391815,0.39749783277511597,0.44625163078308105,0.4789053201675415,0.48443499207496643,0.5160927176475525,0.5242222547531128,0.5262703895568848,18.134967723159047,14.115626536353288,17.96810986687869,16.14703561113352,15.512365798883332,14.408145840159314,22.342288209841534,0.041627494310612786,CharlesBronson_10.wav,alzehiemer
-701.6556396484375,77.53639221191406,134.6834259033203,20.89039421081543,37.055816650390625,9.508885383605957,9.79260540008545,10.824055671691895,5.000633716583252,2.650874376296997,7.130708694458008,6.09101676940918,9.73315143585205,0.23182064294815063,0.13493144512176514,-0.03501497954130173,-0.04059778153896332,-0.05482496693730354,0.008755425922572613,0.02491356059908867,0.01966291107237339,-0.0489514134824276,-0.05993498116731644,-0.023275237530469894,-0.011232524178922176,0.019225116819143295,0.488157719373703,0.4864960014820099,0.44678398966789246,0.43905410170555115,0.45177406072616577,0.4824296832084656,0.4657295048236847,0.42468544840812683,0.438263475894928,0.43963679671287537,0.48323678970336914,0.48261725902557373,18.106332146749022,17.290028248202265,25.658413381139145,20.41511804257865,15.214871328828226,26.382427780594742,27.3349018771271,0.10681294285973837,CharlesBronson_15.wav,alzehiemer
-312.8208312988281,134.69900512695312,13.516310691833496,23.625017166137695,-1.092333436012268,-1.9677780866622925,0.023253807798027992,-7.355578899383545,-2.7191965579986572,12.081742286682129,-0.8169530630111694,-0.01496216282248497,4.669757843017578,-0.004471041262149811,-0.030501779168844223,0.018994010984897614,0.016182953491806984,0.02728233113884926,-0.00478167412802577,-0.023835930973291397,0.036237530410289764,-0.01122740563005209,-0.01608015038073063,-0.00027728735585696995,-0.003424201626330614,0.0006852603401057422,0.3750028908252716,0.408598393201828,0.43626320362091064,0.42507413029670715,0.40514644980430603,0.4108346104621887,0.4122847616672516,0.41714850068092346,0.4517349600791931,0.4666098654270172,0.4476822316646576,0.4116666316986084,20.31424710620889,15.169673364497992,17.666357187819365,16.588464468782647,17.836559088899588,19.14058009530263,25.32167461644686,0.09063173953096434,CharlesKKao_0.wav,alzehiemer
-374.5426025390625,105.8367919921875,10.274730682373047,16.682453155517578,3.3026316165924072,-7.120717525482178,-10.668903350830078,-8.914355278015137,0.27650508284568787,-1.1448616981506348,-2.0155086517333984,-1.4361766576766968,-1.9681612253189087,-0.035593923181295395,-0.022767871618270874,0.006435278337448835,0.010536903515458107,0.014560990035533905,0.0037721891421824694,-0.000341498467605561,0.00992403831332922,0.00033333172905258834,-0.011505359783768654,-0.006462933961302042,0.005163455847650766,0.005007279571145773,0.3556551933288574,0.3699128031730652,0.4151722490787506,0.3683060109615326,0.3712061941623688,0.399215966463089,0.4105462431907654,0.4506608545780182,0.4543033838272095,0.4540763199329376,0.4317191243171692,0.3814372718334198,18.71731910441282,15.339589985582666,18.459266306570147,16.36516892144028,18.081129502940588,17.686802279420217,25.305939962185256,0.09739240801635266,DavidMilch_10.wav,alzehiemer
-448.39801025390625,103.03562927246094,-6.758236885070801,15.75489330291748,-12.386364936828613,-15.953161239624023,-14.33934497833252,-20.045442581176758,-7.540627479553223,-7.131061553955078,-7.506565570831299,-5.0263166427612305,-8.298260688781738,-0.10430855304002762,-0.0034287835005670786,-0.00647402461618185,-0.005406173411756754,0.008045286871492863,0.008481835946440697,0.006813905201852322,0.0032529577147215605,-0.004344139248132706,-0.006520664785057306,0.0006849009077996016,-0.003545753424987197,0.0008957819081842899,0.35586604475975037,0.3343832790851593,0.3619084358215332,0.3554762005805969,0.35651615262031555,0.39729031920433044,0.384689062833786,0.3871731460094452,0.4028259217739105,0.40260595083236694,0.3964139521121979,0.373129278421402,24.146313299476986,15.584730803381486,19.730257792327677,16.808515765135635,18.033398138062374,19.36722937543649,23.5717644671513,0.14222714572964806,DavidMilch_15.wav,alzehiemer
-285.851806640625,134.47467041015625,11.106921195983887,25.833181381225586,9.972235679626465,3.9085445404052734,-2.490870952606201,2.260547161102295,-8.476092338562012,-1.5629723072052002,-4.986260890960693,-6.888674736022949,-13.281832695007324,-0.0037628207355737686,-0.0396428219974041,-0.0023458448704332113,0.03136521205306053,0.010388956405222416,-0.011678820475935936,-0.0017576925456523895,0.008492406457662582,0.004057869780808687,-0.004117709118872881,0.008111060597002506,-0.0006642236839979887,-0.005042009521275759,0.22902584075927734,0.2881712317466736,0.3339071273803711,0.3091064393520355,0.36362698674201965,0.4010016620159149,0.5272344946861267,0.5411373376846313,0.4837518036365509,0.43460601568222046,0.3318183720111847,0.28558123111724854,22.873517805929552,15.162986290967291,17.732111606651806,16.90534511106358,18.425701536338497,17.473997837501113,27.90348220200533,0.0630484921930526,DennisMoore_5.wav,alzehiemer
-335.98992919921875,104.29291534423828,7.536081314086914,31.14130973815918,2.775827169418335,-2.02042555809021,-8.491056442260742,-3.766692876815796,-0.8796475529670715,-0.16998809576034546,-2.5981295108795166,-1.7877578735351562,-0.8260127902030945,-0.21508173644542694,0.0458437018096447,0.005556680727750063,-0.001305016572587192,0.03082927130162716,-0.020531529560685158,0.01268109679222107,0.003037940477952361,-0.004549490287899971,0.008520029485225677,0.0021103350445628166,0.0038411025889217854,-0.0016602324321866035,0.49112674593925476,0.5296576023101807,0.5148760080337524,0.47009751200675964,0.4125865399837494,0.4064614474773407,0.3999294340610504,0.35654217004776,0.39234769344329834,0.4302061200141907,0.4279460608959198,0.4572857916355133,24.460609854677692,13.713545607044983,16.952897526920463,16.010577304497918,17.806752927819794,18.49851631923212,26.379342976462098,0.09334381675509923,DonaldSterling_5.wav,alzehiemer
-48.13784408569336,85.93604278564453,-24.28746795654297,-1.491532802581787,-10.296570777893066,-6.288488388061523,-15.50048542022705,-4.809562683105469,-4.229878902435303,1.0122202634811401,-3.7677783966064453,4.033679008483887,-3.1269962787628174,-0.010588032193481922,0.02366103045642376,-0.006565207149833441,-0.03349996730685234,-0.012343445792794228,0.012689285911619663,0.015665996819734573,0.012492400594055653,-0.005730666220188141,0.0008008634904399514,-0.003149423748254776,0.005895090755075216,0.006152647081762552,0.365919828414917,0.39254066348075867,0.39076313376426697,0.37330013513565063,0.352622389793396,0.3677438795566559,0.3744674623012543,0.3784714639186859,0.3592187762260437,0.34600332379341125,0.30414143204689026,0.32013002038002014,18.778282577649602,16.16493767084364,18.279943393770427,16.97867942365064,17.94069733367834,17.222928166901248,38.76065143217721,0.13911690211187214,DonLane_0.wav,alzehiemer
-129.95150756835938,138.7846221923828,-77.66929626464844,5.200892448425293,-9.187637329101562,-34.03912353515625,-25.05267333984375,-12.486055374145508,-19.43708610534668,-2.3032491207122803,-2.9796884059906006,2.4553966522216797,-1.619865894317627,0.00011355198512319475,0.00025022870977409184,0.034058403223752975,-0.018275929614901543,-0.008875791914761066,0.005935045424848795,-0.010719040408730507,0.004366150125861168,0.0165297482162714,0.0008518577669747174,0.006657511927187443,-0.003999979235231876,-0.009416288696229458,0.4568890631198883,0.4122455418109894,0.3891562223434448,0.3559038043022156,0.3370499312877655,0.35820433497428894,0.3737778961658478,0.4139542579650879,0.4487099051475525,0.4532376825809479,0.48601144552230835,0.5014223456382751,30.64332714242258,17.2992001538637,17.31123698166702,16.176058109302645,20.13646022008443,18.792840964339554,30.241568586833676,0.08041373867901436,ErnieSigley_15.wav,alzehiemer
-299.51715087890625,90.50627136230469,-1.8775596618652344,29.968671798706055,2.682141065597534,7.726943492889404,-7.613524436950684,-1.5775946378707886,-6.143192768096924,0.7224540114402771,-3.6664836406707764,-3.4221038818359375,1.3263028860092163,-0.026796594262123108,0.019996443763375282,0.009240293875336647,-0.06624235212802887,-0.025787483900785446,0.015285193920135498,0.024203406646847725,-0.009157931432127953,-0.01132578682154417,0.027625886723399162,-0.0008195627015084028,0.0004139687807764858,0.006050497759133577,0.3849428594112396,0.31617680191993713,0.34283533692359924,0.4191114008426666,0.4596070647239685,0.3913404643535614,0.3226303458213806,0.31333068013191223,0.2905746102333069,0.2867594063282013,0.3797938823699951,0.4477352797985077,20.210137967213402,16.751193702094174,18.88315352662937,16.803650774049153,17.152397265546565,18.446434036400287,29.116913420182087,0.11921498519036208,EvelynKeyes_0.wav,alzehiemer
-356.04351806640625,73.43403625488281,25.640039443969727,50.08445358276367,-11.764033317565918,-28.34099578857422,-15.025634765625,1.6814488172531128,-21.25615119934082,-0.5533957481384277,-19.485044479370117,-3.710097312927246,0.5294666290283203,0.002863510511815548,0.1397126019001007,-0.0022246974986046553,-0.021492348983883858,-0.028657326474785805,-0.0065421536564826965,-0.0026855207979679108,-0.018221765756607056,-0.01468086801469326,-0.016876330599188805,0.0014181293081492186,-0.004984057974070311,0.004167510662227869,0.25471723079681396,0.33492207527160645,0.49140599370002747,0.5728901028633118,0.4050803780555725,0.3519830107688904,0.2667103111743927,0.2617078125476837,0.2594933807849884,0.26643142104148865,0.2941066026687622,0.297406405210495,20.61090440158948,15.95857062411281,17.983628779361414,17.87961605380421,17.215311856371418,20.855436788838492,28.371029999367273,0.13791164927847113,IrisMurdoch_5.wav,alzehiemer
-238.70985412597656,130.17446899414062,7.009761333465576,19.061138153076172,4.395576000213623,-3.6593172550201416,-10.346884727478027,-11.801165580749512,-15.639824867248535,5.025300979614258,-3.348369836807251,-0.7545871734619141,-4.534417152404785,-0.14008527994155884,0.08863368630409241,-0.07090671360492706,0.055491700768470764,0.012278185226023197,-0.012677334249019623,-0.0020993808284401894,0.02620778977870941,-0.007657674141228199,-0.010957821272313595,-0.001253620721399784,0.03155428543686867,-0.005961320828646421,0.430694043636322,0.49224722385406494,0.46835342049598694,0.38421908020973206,0.3090355396270752,0.2927633821964264,0.30088376998901367,0.3102717995643616,0.3391074538230896,0.3458128571510315,0.3325110971927643,0.35810744762420654,21.699182845997697,16.448750633922486,20.191736274339107,17.211584949666257,18.584680052159747,16.937918663567743,30.49304605168462,0.08525823051199262,JackHanna_15.wav,alzehiemer
-361.4884033203125,76.031982421875,25.007064819335938,24.430599212646484,-10.330598831176758,5.276406764984131,-20.105323791503906,6.427846431732178,-14.16317367553711,-4.586761951446533,-2.5385708808898926,-0.9974058270454407,0.8138795495033264,-0.2820970118045807,0.21332243084907532,0.03852023929357529,-0.044409316033124924,-0.06955952197313309,-0.046648360788822174,0.037548404186964035,0.000657370372209698,-0.044415444135665894,-0.02257201261818409,0.02962084859609604,-0.022946644574403763,-0.0024055365938693285,0.3236514627933502,0.2659566104412079,0.27035659551620483,0.2758919596672058,0.2755178213119507,0.3561106026172638,0.36496007442474365,0.3980890214443207,0.47151634097099304,0.487752765417099,0.49222680926322937,0.44272321462631226,21.967231360553097,16.19870866198077,20.524930756963958,17.166663041469675,17.784574565299717,17.666984064580536,27.995383311771178,0.12160805903518124,JackWebster_10.wav,alzehiemer
-327.8277282714844,87.8880386352539,11.952325820922852,9.300542831420898,-21.455900192260742,-3.918853282928467,-16.368974685668945,-2.258657217025757,-17.407588958740234,-2.653602361679077,-5.164485931396484,-0.30714255571365356,-2.4692745208740234,-0.2322847843170166,0.1722766011953354,0.026557916775345802,-0.10685059428215027,-0.11765314638614655,0.02387225069105625,0.05469616502523422,0.019495360553264618,-0.008136007003486156,0.024784903973340988,0.03499525412917137,-0.013218325562775135,0.04240630939602852,0.23627969622612,0.22658024728298187,0.2405058890581131,0.3066617250442505,0.35167738795280457,0.33347487449645996,0.36460885405540466,0.4134441018104553,0.4643568694591522,0.4230106770992279,0.3579593896865845,0.3167327642440796,20.54595832035742,19.34167216577078,21.387186866742134,19.031660786754333,18.82273079015742,19.850908591411887,28.736291679505825,0.11902362470047924,JackWebster_5.wav,alzehiemer
-445.69140625,109.80271911621094,25.847454071044922,5.441680431365967,5.830303192138672,-11.601517677307129,-14.594326972961426,-9.517708778381348,-14.936944961547852,1.8553632497787476,-5.959024906158447,-2.335026264190674,-8.930990219116211,-0.05130526050925255,-0.08484572172164917,-0.026123171672225,0.024031303822994232,-0.016382968053221703,0.007001333404332399,0.019598381593823433,-0.009620594792068005,0.00936700589954853,0.011510901153087616,-0.013681408017873764,0.005116424988955259,0.009982066228985786,0.35700446367263794,0.299998939037323,0.3077060580253601,0.3177718222141266,0.3315274119377136,0.37080979347229004,0.4144098162651062,0.41704368591308594,0.4543428421020508,0.5306199193000793,0.5359392166137695,0.45528730750083923,20.306811887424363,14.685381121311128,18.519654760664842,16.31506092169751,17.30788559124564,18.678207245076972,28.813966700487597,0.1343936011904762,JamesStewart_5.wav,alzehiemer
-170.4069366455078,66.56016540527344,-36.85968780517578,11.88607120513916,-37.806495666503906,-15.623883247375488,-19.933979034423828,-5.441383361816406,-5.306370735168457,-7.324610233306885,-4.610909938812256,-7.1639933586120605,1.4316236972808838,-0.04010302573442459,-0.012404213659465313,0.04020940512418747,0.03168398514389992,0.007096654735505581,-0.0110339829698205,0.025687437504529953,-0.009647738188505173,-0.018288200721144676,-0.003459860570728779,0.006889435462653637,-0.006494602188467979,-0.012534416280686855,0.3661237955093384,0.3034154176712036,0.30054545402526855,0.33612507581710815,0.29364386200904846,0.29595625400543213,0.2771632969379425,0.32513609528541565,0.35657772421836853,0.346714586019516,0.34891894459724426,0.35017475485801697,21.23689009000351,18.008735582034962,20.767989723276234,19.61777886001927,19.3140449629456,21.15338828743767,35.10569734462677,0.17424614059377083,JeanneLittle_10.wav,alzehiemer
-250.7946319580078,80.70928192138672,-6.0929107666015625,28.350799560546875,-16.443992614746094,-11.88512134552002,-3.6830520629882812,-17.7344913482666,-9.061301231384277,-4.772274971008301,-13.913890838623047,-6.642436504364014,-10.929837226867676,-0.24127040803432465,-0.14730414748191833,-0.03874891623854637,0.13731485605239868,0.13063326478004456,0.02590583637356758,0.016602177172899246,0.018707724288105965,0.008344875648617744,-0.002525745425373316,0.03694724291563034,-0.008440196514129639,-0.05853347107768059,0.28395575284957886,0.3072078227996826,0.5173482894897461,0.4481656551361084,0.29262563586235046,0.3478803038597107,0.31560570001602173,0.23942115902900696,0.3142867088317871,0.3938736915588379,0.32587930560112,0.27856841683387756,25.798695924496077,16.861456622073597,18.758218786657952,17.299516299231488,17.923881877517566,20.71000595553734,32.34409409169092,0.12191089647545662,JimmyCalderwood_5.wav,alzehiemer
-477.6341857910156,106.29171752929688,30.260147094726562,37.87810516357422,7.727965831756592,5.232097148895264,0.25558212399482727,-0.24755418300628662,2.5953032970428467,4.554185390472412,1.2868330478668213,0.41760578751564026,4.183158874511719,0.03949877619743347,0.04546557366847992,-0.009138398803770542,-0.015548630617558956,0.0002592090459074825,-0.005636305548250675,-0.0068815345875918865,-0.015540603548288345,0.007417777087539434,0.008787174709141254,-0.004514310043305159,-0.003972320817410946,0.0038833110593259335,0.44965142011642456,0.5275523662567139,0.5894304513931274,0.5076649188995361,0.47230109572410583,0.4701673984527588,0.49275514483451843,0.5877801775932312,0.51182621717453,0.47016260027885437,0.4975004494190216,0.4826468825340271,16.89645277691869,13.99649407419518,17.221555092676663,15.912920727862526,16.100614322422597,16.8533606921705,22.78783417535664,0.06151094149872041,JimmyFratianno_0.wav,alzehiemer
-56.92064666748047,106.32537078857422,-19.52894401550293,21.959423065185547,-23.245729446411133,3.0355911254882812,-27.02721405029297,-16.568431854248047,-15.216086387634277,-10.222224235534668,-1.0868879556655884,-0.7393244504928589,-6.662572860717773,0.1032249853014946,0.028302013874053955,-0.03002166748046875,0.0070171537809073925,-0.012628736905753613,-0.007289569359272718,-0.0008141634752973914,-0.002171845640987158,-0.0002813046448864043,0.009915569797158241,-0.024131804704666138,-0.006747549399733543,-0.018637962639331818,0.31306159496307373,0.3691612780094147,0.387220561504364,0.31653207540512085,0.27177587151527405,0.3216332793235779,0.3913458585739136,0.46345001459121704,0.4736281931400299,0.4609124958515167,0.3240736722946167,0.2674887180328369,23.917742649865293,14.920243909258236,18.316755357401885,16.96337028007393,17.024749196415673,19.932710892930828,35.86717411310857,0.09802089993606138,JimNeidhart_0.wav,alzehiemer
-224.97698974609375,86.7280044555664,-22.031471252441406,10.370210647583008,-32.96100997924805,-9.908597946166992,-0.8668017983436584,-10.247698783874512,-0.7455340027809143,1.2764180898666382,-0.7897343635559082,1.8615126609802246,-6.123936653137207,-0.03238093480467796,-0.037017617374658585,0.00246094586327672,-0.008227640762925148,-0.03436102718114853,0.010791206732392311,0.006017317529767752,-0.013773588463664055,0.0016752365045249462,0.0029183528386056423,-0.003221653401851654,-0.014688056893646717,-0.010160674341022968,0.29914551973342896,0.35660871863365173,0.4465217590332031,0.4637880325317383,0.371459424495697,0.3997561037540436,0.4110153019428253,0.3167159855365753,0.2728393077850342,0.317037969827652,0.32164669036865234,0.28314343094825745,19.689150072612104,17.572020069819697,19.615693992934233,18.97549684160362,17.608346192291535,20.738687555345813,32.076212310395796,0.12927521440319548,JimNeidhart_10.wav,alzehiemer
-194.91127014160156,68.24854278564453,-15.06482982635498,20.106609344482422,-21.92980194091797,-6.078206539154053,-13.326083183288574,-4.070010662078857,-13.398022651672363,-3.0983035564422607,-5.427563190460205,-7.607159614562988,-8.903763771057129,-0.057827334851026535,-0.05109983682632446,0.01161047350615263,0.035532452166080475,-0.02329936809837818,0.01715058833360672,0.017244400456547737,-0.02716444991528988,0.005887568928301334,-0.04012120142579079,-0.010049980133771896,0.0019630950409919024,-0.008962118066847324,0.4279061257839203,0.44920551776885986,0.4378262460231781,0.4428594708442688,0.38350844383239746,0.3670802116394043,0.3939182162284851,0.4065700173377991,0.4093072712421417,0.3724628984928131,0.38450273871421814,0.3953734338283539,23.012175916124196,16.124843961664922,18.296576593069442,17.41750067810716,17.271128936479272,19.262358757815342,33.834614570190816,0.16500822779276578,JimNeidhart_15.wav,alzehiemer
-138.4834747314453,122.84979248046875,-3.8329391479492188,27.914447784423828,14.543766975402832,11.321099281311035,-0.06541305780410767,9.427445411682129,-6.390307903289795,17.904136657714844,-6.177663326263428,5.022568225860596,1.5148823261260986,-0.017459899187088013,-0.014359395951032639,0.03210977464914322,0.010068437084555626,-0.0017054752679541707,-0.01402880996465683,0.0011003994150087237,0.01464038249105215,-0.016055602580308914,-0.0021832238417118788,0.00418870197609067,0.00020827668777201325,-0.0053659589029848576,0.34769579768180847,0.4084988832473755,0.4729316830635071,0.6199848651885986,0.5024322271347046,0.42731842398643494,0.4118348956108093,0.42914316058158875,0.3919140696525574,0.3679375648498535,0.4244292080402374,0.3548320531845093,22.173639721725888,15.144866275851525,16.539755884372326,16.1944572312574,17.31203407698422,16.98462765445045,33.493927024656394,0.07042703510802469,johnmackey_15_1.wav,alzehiemer
-244.92196655273438,81.13225555419922,16.766082763671875,9.835550308227539,-7.8999505043029785,1.7886003255844116,-10.282575607299805,3.4761970043182373,-7.1823410987854,4.692201614379883,-3.8461403846740723,2.9213883876800537,-5.15623140335083,-0.03266790136694908,0.038807302713394165,-0.02116061933338642,0.006353217642754316,-0.0035523148253560066,0.003358947578817606,0.01891564577817917,0.0218890979886055,-0.03162030130624771,-0.04155632108449936,0.0012709040893241763,0.0129614332690835,0.05933823063969612,0.3670433759689331,0.4654478132724762,0.4209100008010864,0.3472840189933777,0.37416860461235046,0.3927616775035858,0.4738529622554779,0.4292648732662201,0.5187569856643677,0.42185238003730774,0.3945668637752533,0.37598520517349243,24.11655380489752,15.989930270519956,18.05665706499786,19.40624008239845,20.20719404316175,19.407299689643132,33.471106294033476,0.1469982058502907,johnmackey_15_2.wav,alzehiemer
-355.626953125,102.53428649902344,30.124847412109375,7.655464172363281,-0.17250443994998932,15.227087020874023,-11.202457427978516,-10.179370880126953,-3.3619470596313477,-3.2387590408325195,1.9786357879638672,-7.518815994262695,-9.319230079650879,-0.006072325631976128,0.015970729291439056,-0.011637968942523003,0.008642537519335747,-0.004775776993483305,-0.002367335371673107,-0.0029029676225036383,0.0007015588344074786,0.005537720862776041,0.001758082304149866,-9.796638914849609e-05,-0.004425529390573502,-0.00330902892164886,0.43199971318244934,0.4460475742816925,0.4798169434070587,0.550098717212677,0.5510141849517822,0.5476481914520264,0.5619696974754333,0.5105546712875366,0.4615201950073242,0.4503261148929596,0.4310514032840729,0.4146557152271271,23.467524166714583,13.312426943645594,16.706787231886786,15.899173934760883,17.289864378598953,17.31910000881052,27.185049392730996,0.10997211606825454,JonathanMiller_5.wav,alzehiemer
-259.31402587890625,89.925048828125,15.967358589172363,22.54426383972168,-9.471997261047363,-11.295327186584473,-11.631842613220215,-7.136694431304932,-8.421090126037598,-3.47247052192688,-1.7027218341827393,-5.0701904296875,-8.229266166687012,0.10089041292667389,0.03309307247400284,-0.0005517288809642196,0.019750220701098442,0.004929351154714823,-0.0022028537932783365,-0.001646165968850255,0.027166496962308884,-0.01460676547139883,-0.015876466408371925,0.021135713905096054,-0.03194696083664894,0.012092002667486668,0.36326518654823303,0.4077616035938263,0.45914381742477417,0.48593616485595703,0.44151198863983154,0.38605496287345886,0.33520981669425964,0.3302273452281952,0.3243723511695862,0.2981589734554291,0.32830148935317993,0.35865166783332825,23.06187199004243,15.189182338552294,18.626977721811034,15.98337390863142,17.182599189456102,17.886082491260797,32.65380765887203,0.11958096996289955,OmarSharif_0.wav,alzehiemer
-234.41751098632812,109.15467834472656,9.796528816223145,25.890762329101562,-5.787863731384277,-7.375061511993408,-11.458916664123535,-11.936369895935059,-8.284407615661621,-8.169181823730469,-5.781039237976074,-8.095793724060059,-4.137139797210693,0.009698553942143917,0.0023938368540257215,0.01686922460794449,0.003537116339430213,0.005123235285282135,-0.0007194441859610379,-0.003650336293503642,-0.008546316996216774,-0.016304653137922287,-0.0037611061707139015,-0.0002717713068705052,-0.00862797349691391,-0.004255896899849176,0.4232768714427948,0.3653360903263092,0.3461090326309204,0.358075886964798,0.37134042382240295,0.3754625618457794,0.38680052757263184,0.4081710875034332,0.40444186329841614,0.4097955524921417,0.4338236153125763,0.41472890973091125,23.009262464459834,14.861300582580373,18.542813490219384,15.763668547912596,16.44648934488337,18.09889876457513,31.74465539448712,0.09783041023532389,OmarSharif_10.wav,alzehiemer
-347.2991027832031,128.2480926513672,5.445280075073242,18.939815521240234,2.040299415588379,-5.709842681884766,0.46680203080177307,9.924395561218262,1.487526535987854,4.10581111907959,-4.393925189971924,1.1915695667266846,-2.6196346282958984,0.0022107181139290333,-0.008356322534382343,0.021236427128314972,0.016374757513403893,0.0026470355223864317,0.0019821878522634506,-0.0062255277298390865,0.002617489779368043,0.002276829443871975,0.0013220031978562474,-0.00223087752237916,0.007420283742249012,0.00227074371650815,0.30287766456604004,0.315255731344223,0.37518200278282166,0.4437086284160614,0.4833715856075287,0.4667411148548126,0.42142489552497864,0.3799973726272583,0.3306014835834503,0.3041400909423828,0.3099064528942108,0.3054228127002716,20.660617506828267,16.979469332566197,17.68470916743223,18.36491495880193,17.82505828368659,16.814403941248038,26.06842197007247,0.06389159288348738,PaulinePhillips_10.wav,alzehiemer
-256.3960266113281,136.37661743164062,-11.759618759155273,20.903833389282227,-11.20234203338623,-5.324505805969238,-6.873261451721191,-3.604588031768799,0.11098421365022659,6.816494464874268,1.701158881187439,-0.012427203357219696,-0.8427301645278931,-0.07772287726402283,-0.0222913958132267,-0.017995685338974,-0.10394033044576645,0.012225945480167866,0.08000430464744568,0.052585333585739136,-0.05537015199661255,0.014108273200690746,0.036459531635046005,0.005959121976047754,-0.002617774996906519,-0.014511487446725368,0.42685666680336,0.4133340120315552,0.4553726315498352,0.4111667573451996,0.394349068403244,0.35704562067985535,0.32978618144989014,0.31190675497055054,0.36825427412986755,0.3890943229198456,0.37571394443511963,0.4324323236942291,21.405211394365427,15.43794265953835,18.295792303167342,16.89239471844597,17.12937638255984,18.089518840830245,27.820760256263103,0.0776255707762557,PeterFalk_10.wav,alzehiemer
-161.57373046875,72.6082534790039,-7.509145736694336,32.6786994934082,-1.9556150436401367,-1.7459497451782227,-11.128668785095215,-1.9393165111541748,-1.3853187561035156,0.7281796932220459,-1.9056884050369263,-5.293880939483643,1.140642523765564,-0.05358217656612396,0.03231121227145195,0.01702609658241272,-0.03393453732132912,-0.0375160351395607,0.06454619020223618,0.027846280485391617,-0.017343224957585335,-0.027105161920189857,0.025130176916718483,0.016902433708310127,0.0016819366719573736,-0.0028837984427809715,0.41382309794425964,0.43214911222457886,0.49854424595832825,0.5332221388816833,0.4811064302921295,0.4653536081314087,0.4639829099178314,0.430296927690506,0.43876174092292786,0.4749392867088318,0.4977361857891083,0.46163034439086914,16.72639764891091,13.786122378691541,16.713170828459322,15.620209121299691,16.69108347417393,18.42900695681484,35.44869699939799,0.174588474400369,PeterFalk_15.wav,alzehiemer
-372.6273193359375,110.38532257080078,27.131946563720703,33.46026611328125,29.59095573425293,17.662012100219727,1.294467806816101,0.8753358721733093,3.3683528900146484,2.795445203781128,3.412116289138794,6.7557830810546875,3.1422600746154785,0.048709042370319366,0.04464799538254738,0.004777484107762575,0.011804557405412197,0.020165959373116493,-0.0076765683479607105,-0.022387079894542694,-0.008238057605922222,-0.004714076407253742,-0.014661421999335289,-0.0163936335593462,-0.0035314413253217936,0.0006191529100760818,0.4117094576358795,0.4450571835041046,0.47520795464515686,0.4970373213291168,0.4852575659751892,0.501001238822937,0.5181699395179749,0.48482730984687805,0.4502207338809967,0.4680293798446655,0.4639190435409546,0.42766517400741577,23.31915776202369,15.403841868142544,19.361162631920394,16.741755633430916,17.89777881817835,16.227485024186016,24.874805975998576,0.038633759292228884,RayDolby_0.wav,alzehiemer
-206.75978088378906,107.87247467041016,1.2027536630630493,19.874853134155273,3.50213885307312,2.3335072994232178,-5.387287616729736,-5.394207000732422,-1.8093891143798828,-6.33233118057251,-8.136975288391113,0.36608022451400757,-13.53990650177002,-0.011989730410277843,-0.009739025495946407,0.023158345371484756,0.009050887078046799,0.0029904386028647423,0.003447509603574872,-0.002103431150317192,0.002447443548589945,0.001693396014161408,0.0011047599837183952,0.000190289385500364,-0.0032758384477347136,-0.00020509999012574553,0.4056735038757324,0.3735029697418213,0.3503897786140442,0.3641190230846405,0.4289492666721344,0.47961941361427307,0.4763950705528259,0.4924696087837219,0.5122062563896179,0.508732795715332,0.4566026031970978,0.4283779561519623,20.89822110901746,15.602440138241802,17.2180850873204,16.598575979837015,17.32602234199985,17.654507499342145,32.8508396009814,0.11397817471338428,RayDolby_10.wav,alzehiemer
-405.37445068359375,111.0244369506836,25.091651916503906,10.692770957946777,-6.947711944580078,9.74778938293457,-19.48469352722168,-16.40311050415039,-6.181116580963135,-12.098686218261719,-11.290114402770996,-6.502516746520996,-12.6829252243042,-0.16151876747608185,-0.03558168187737465,0.02181195840239525,0.002495094435289502,0.07119859009981155,-0.008962960913777351,0.008927862159907818,0.00325638335198164,-0.01637856662273407,0.010847215540707111,0.0021009643096476793,-0.013419403694570065,0.012161891907453537,0.29776644706726074,0.29359152913093567,0.3008382022380829,0.30232149362564087,0.3034079372882843,0.33632320165634155,0.4169268310070038,0.42282605171203613,0.44225209951400757,0.3996931314468384,0.3557289242744446,0.33006760478019714,28.705216000583928,17.303605542159527,20.62506191804547,17.606543039793376,19.1954481758644,18.509813504841993,26.021466438922545,0.08403487432570685,RichardGwyn_0.wav,alzehiemer
-366.09967041015625,101.64801788330078,31.95140266418457,21.042295455932617,-7.02460241317749,10.070094108581543,-15.609498977661133,-1.960461139678955,-4.001848220825195,0.6466840505599976,3.151217460632324,1.0153452157974243,1.771559476852417,0.0964282751083374,0.046794343739748,0.0037762464489787817,-0.0052883801981806755,-0.02225860394537449,0.006265857722610235,-0.0019467816455289721,0.003012798959389329,-0.005071935709565878,-0.0009906963678076863,0.001674829749390483,0.002051403746008873,0.00462792394682765,0.4462823271751404,0.4550943076610565,0.42575803399086,0.4010390043258667,0.3887580931186676,0.4151473641395569,0.3980379104614258,0.42289066314697266,0.47192439436912537,0.506649374961853,0.4858360290527344,0.4583546221256256,22.914997818595893,14.313647137196991,17.520501672592133,15.796273956430223,16.310053090694623,16.97077247886652,26.579153220473053,0.09780066876999645,RobertAnderson_10.wav,alzehiemer
-365.7538146972656,125.39756774902344,36.69070816040039,29.794981002807617,15.382298469543457,2.0863840579986572,-0.7741630673408508,-1.1026268005371094,-1.3810902833938599,3.477482557296753,3.2120726108551025,-2.562110662460327,-0.16337141394615173,-0.16423600912094116,-0.05914067104458809,0.03713052719831467,0.014662402682006359,0.007603243459016085,0.005336002912372351,0.011963831260800362,0.009155788458883762,0.013279782608151436,0.007138143293559551,-0.0009605276281945407,0.0063199205324053764,0.004997872747480869,0.5014069676399231,0.48689788579940796,0.4680815637111664,0.4552188813686371,0.48818421363830566,0.49757641553878784,0.5013467073440552,0.46644502878189087,0.4138433039188385,0.44758039712905884,0.505301833152771,0.5385131239891052,23.69696469443024,13.922622755403731,17.458427147886034,15.904586622882622,16.876076895183896,16.01867464126345,26.555774336565772,0.058329654739694384,RonaldReagan_5.wav,alzehiemer
-249.1787109375,110.7692642211914,-36.06495666503906,33.52498245239258,-14.207905769348145,-6.748803615570068,-14.524325370788574,-7.609297752380371,-9.916845321655273,0.1823389083147049,-6.957361698150635,-0.7204074263572693,-5.119043350219727,-0.050135307013988495,-0.02773737721145153,0.00796469859778881,0.014935222454369068,-0.007408809848129749,-0.0010406385408714414,-0.002847046824172139,0.0008343595545738935,0.004237676504999399,0.004255336709320545,0.00036749852006323636,-0.0075118630193173885,-0.004521997645497322,0.45686075091362,0.48063597083091736,0.48912516236305237,0.445551335811615,0.44315963983535767,0.45426827669143677,0.4689435660839081,0.47685158252716064,0.48968014121055603,0.49244844913482666,0.5000274777412415,0.47517654299736023,18.286689051690594,14.028898119519422,16.83213534015607,15.346337957320781,16.29634873747833,19.53275438535896,27.188457504440674,0.1291531319113644,RossMacDonald_10.wav,alzehiemer
-372.8627014160156,83.6282958984375,19.032238006591797,3.973097801208496,4.588049411773682,-1.1588807106018066,-10.168980598449707,0.408932089805603,-8.468116760253906,0.7209635376930237,1.3458713293075562,-3.6124775409698486,1.1509435176849365,-0.13439147174358368,0.0071043455973267555,-0.01654757559299469,0.07121948897838593,0.02443816512823105,-0.005144424270838499,0.02670750766992569,-0.02485804073512554,0.03615497052669525,-0.011852206662297249,-0.0018827994354069233,0.049015991389751434,-0.013528448529541492,0.4139446020126343,0.41860082745552063,0.43682846426963806,0.4731507897377014,0.46962130069732666,0.4468975067138672,0.4771721363067627,0.5027958154678345,0.41938963532447815,0.4248049557209015,0.44592201709747314,0.42915916442871094,21.56984719550401,16.163574277984175,17.700011637503533,16.732411599866474,17.186410807929743,16.197883719301483,27.56167941238157,0.10653239833179581,StanBowles_5.wav,alzehiemer
-138.26341247558594,71.18013000488281,-12.68628215789795,36.644649505615234,-27.918699264526367,-2.375638008117676,-21.608240127563477,1.6067715883255005,-4.114950180053711,-4.855337142944336,-6.652552127838135,-4.402801513671875,0.5688596367835999,-0.05288606137037277,-0.09533704072237015,0.0487440787255764,0.01333426684141159,0.00468195928260684,-0.009978905320167542,0.022146940231323242,-0.017054039984941483,0.006392211187630892,-0.013690021820366383,-0.0023582170251756907,0.007701490074396133,-0.003905657446011901,0.3452620804309845,0.30077052116394043,0.2794451415538788,0.29980456829071045,0.3467002511024475,0.3377375602722168,0.3701673746109009,0.35159221291542053,0.3048977553844452,0.3208785355091095,0.3389320373535156,0.3807954788208008,16.593121045362686,17.414061018849356,19.886878789025143,18.226208325782846,18.262762882451355,21.49486400070968,34.155850590162274,0.16699722652218782,StellaStevens_15.wav,alzehiemer
-176.2584228515625,128.55320739746094,-45.43964767456055,18.813915252685547,6.517228126525879,-23.774364471435547,-9.37292766571045,-14.146665573120117,-14.90928840637207,-2.0771186351776123,-9.874054908752441,0.09872893989086151,1.2123061418533325,0.0319734588265419,0.020550629124045372,-0.00676747178658843,-0.024147329851984978,-0.015416075475513935,0.009071663953363895,0.002306545153260231,-0.008421306498348713,0.0001475966564612463,0.0080573046579957,0.007020885590463877,0.0028454973362386227,0.0027287439443171024,0.3733818531036377,0.2994788587093353,0.3174619674682617,0.3258579969406128,0.3108481168746948,0.34012019634246826,0.3780991733074188,0.39110055565834045,0.4186604619026184,0.4015803635120392,0.4362369775772095,0.4835651218891144,18.897497600342508,17.177142501878325,18.641989216482344,16.66935517961814,18.414843909939655,20.695555423268118,29.232479780070104,0.08616433329085633,SteveLawrence_15.wav,alzehiemer
-284.22222900390625,139.56822204589844,6.2852020263671875,-3.204982042312622,-11.992717742919922,-9.978209495544434,-14.726422309875488,-7.789322376251221,-7.634136199951172,1.0521628856658936,-16.499345779418945,-0.4177027940750122,-3.7305612564086914,-0.10652092099189758,-0.01086227037012577,0.125357985496521,0.040477167814970016,-0.009253633208572865,0.05217643082141876,0.0546347051858902,-0.03524201735854149,-0.006199892144650221,-0.016632989048957825,-0.022401602938771248,0.005374777130782604,0.019901150837540627,0.2956181466579437,0.2787443697452545,0.27993541955947876,0.3120822012424469,0.34781259298324585,0.43574514985084534,0.43381667137145996,0.39103224873542786,0.33955955505371094,0.3515455424785614,0.35964301228523254,0.3760467767715454,20.80289559152958,15.55664053615997,18.099238991031417,17.861070603211193,18.791063868008695,15.90727075726099,28.463511847854583,0.07970387350299402,TeresaGorman_10.wav,alzehiemer
-354.5111389160156,92.508056640625,23.089679718017578,19.39946937561035,11.44066333770752,2.6045467853546143,-7.702775955200195,-3.285348415374756,-7.780363082885742,10.599176406860352,2.405646800994873,2.5875203609466553,-0.564152717590332,-0.07050538808107376,-0.014254748821258545,-0.002214679727330804,0.01541724894195795,0.006223969627171755,0.0020521869882941246,0.010474869050085545,0.005809012334793806,0.009666187688708305,0.0009720599045976996,-0.003233265597373247,0.0004106101696379483,0.010017801076173782,0.4653773605823517,0.3712330758571625,0.358873188495636,0.38374993205070496,0.4053893983364105,0.38284963369369507,0.36191919445991516,0.359413206577301,0.4123593270778656,0.462766170501709,0.5298798680305481,0.5589366555213928,19.933212121067577,14.534696075560436,18.151695078396934,16.13289519974056,17.970649536036365,18.308087981628788,29.075411118932557,0.1026562031437425,TerryPratchett_0.wav,alzehiemer
-349.6879577636719,119.3380355834961,13.3760347366333,9.124539375305176,1.9965239763259888,-0.32854336500167847,-15.44565200805664,5.336308002471924,-8.366674423217773,0.0115476930513978,0.7701573371887207,-2.0590569972991943,-2.479123830795288,-0.0030860882252454758,0.022663187235593796,0.02677834779024124,0.00015703265671618283,-0.010434112511575222,-0.011689355596899986,-0.0034354161471128464,0.009494764730334282,0.000323537242366001,-0.008210685104131699,-0.011085623875260353,-0.004403744824230671,0.0031068171374499798,0.3669196367263794,0.4083484709262848,0.4548279643058777,0.48411479592323303,0.47529760003089905,0.3961474895477295,0.36319500207901,0.3397642970085144,0.3267858624458313,0.34607183933258057,0.36903509497642517,0.3520466387271881,18.49731452737573,15.944647523560459,18.39461819794304,17.13259431355335,19.385347634179748,18.347861352251403,25.365327356711646,0.08482550716829085,TerryPratchett_5.wav,alzehiemer
-326.13470458984375,124.05267333984375,-36.72442626953125,15.357879638671875,-13.17810344696045,-25.22911834716797,-24.580806732177734,-10.840060234069824,-30.895967483520508,-16.0521183013916,-15.316038131713867,-13.0767240524292,-11.60590934753418,0.055812638252973557,-0.13912509381771088,-0.10697054117918015,0.034958239644765854,0.007484786678105593,0.06248260661959648,0.04922513663768768,0.010759508237242699,-0.015517638064920902,0.004338869359344244,-0.010385076515376568,-0.02082381770014763,-0.01999594271183014,0.24835042655467987,0.1855616718530655,0.23147155344486237,0.28923672437667847,0.30353203415870667,0.33133333921432495,0.3695189654827118,0.44164127111434937,0.41972267627716064,0.3440457880496979,0.29115766286849976,0.2836604416370392,28.816869139822685,17.38941804771561,21.069404125725214,18.48369592599891,20.055814611541194,20.03213618434651,23.60080937476682,0.08187340419626998,thomasdorsey_0.wav,alzehiemer
-293.1063537597656,78.4108657836914,20.070465087890625,17.528627395629883,7.528874397277832,-0.8044961094856262,-31.468168258666992,4.301207065582275,-17.110260009765625,-3.399785041809082,-3.5030250549316406,-6.557163715362549,-5.04074239730835,0.06345605105161667,5.838969809701666e-05,-0.0916433110833168,-0.04757902771234512,-0.024460235610604286,-0.011401294730603695,-0.009925704449415207,0.01455017365515232,0.014062929898500443,0.0012994382996112108,0.021422747522592545,0.006399445701390505,0.023744096979498863,0.3716375529766083,0.38491731882095337,0.4162686765193939,0.4225538372993469,0.4051660895347595,0.34798139333724976,0.29500624537467957,0.26796379685401917,0.29747483134269714,0.379031240940094,0.3966912031173706,0.3820580542087555,21.74109797348098,16.640862070573878,19.70142493210391,16.66876020516855,18.73799780069544,18.35188152179538,31.18601363996659,0.12897905880177515,TonyBennett_0.wav,alzehiemer
-305.2756042480469,104.70603942871094,11.594980239868164,15.118083000183105,20.092914581298828,-3.6577885150909424,-17.207191467285156,-7.864161014556885,-15.62591552734375,-9.468114852905273,-4.954661846160889,-7.789424896240234,-14.680562019348145,-0.04195886850357056,0.015867022797465324,0.002862483263015747,0.001594012719579041,0.02375834248960018,-0.003292469074949622,-0.004668956622481346,-0.002407164080068469,-0.001372274593450129,-0.0009364918805658817,-0.007580931764096022,-0.0016229894245043397,-0.002356144366785884,0.4073954224586487,0.3339691758155823,0.2838958203792572,0.26055607199668884,0.2884405851364136,0.38843703269958496,0.4129432439804077,0.36421284079551697,0.31539231538772583,0.3315334618091583,0.3517070710659027,0.43554824590682983,23.317768650133708,16.608894292945287,19.671208194548015,16.64406936083827,19.65644375046465,17.215197660551716,29.90802803143815,0.1006729489281064,TonyBennett_15.wav,alzehiemer
-297.125244140625,16.50199317932129,-27.64293098449707,92.05852508544922,-37.35761260986328,-22.125850677490234,-8.569461822509766,-29.63896369934082,-24.34867286682129,-8.49123764038086,-14.361928939819336,-1.230307698249817,-21.54796600341797,0.13913105428218842,0.020758597180247307,0.006829648744314909,0.026794658973813057,-0.002116069197654724,0.004339666571468115,-0.008885914459824562,-0.004409795626997948,-0.021689370274543762,-0.008906306698918343,-0.0031402353197336197,0.002042087959125638,-0.011199249885976315,0.18692059814929962,0.26711857318878174,0.4184449017047882,0.4770215153694153,0.30737894773483276,0.3626965582370758,0.47871068120002747,0.5714269876480103,0.512642502784729,0.3503113090991974,0.23334023356437683,0.21650782227516174,25.91565930667604,17.607772399194126,21.394085578671888,18.701036025320207,23.855958283531848,32.36462256253354,30.164749454234165,0.2764019950241506,TonyParkes_10.wav,alzehiemer
-474.77191162109375,25.453340530395508,7.124277114868164,66.46782684326172,-19.781824111938477,-16.67902183532715,-1.1888891458511353,-19.736146926879883,-19.023277282714844,-6.697624206542969,-5.584433078765869,-1.210157036781311,-12.409440994262695,-0.1037079393863678,-0.08303472399711609,0.0014528008177876472,-0.04905732348561287,0.004162888042628765,0.03545624390244484,0.010343298316001892,0.010004937648773193,0.016634156927466393,0.024020757526159286,0.014905146323144436,0.00020777809550054371,-0.01128213107585907,0.31719347834587097,0.2325836718082428,0.2594967782497406,0.3403978943824768,0.37283027172088623,0.2836012840270996,0.22754395008087158,0.26465868949890137,0.2715843617916107,0.5164520144462585,0.5649366974830627,0.407472163438797,17.26949070727781,16.038253086586522,19.113372597843025,15.433044048450634,21.347568896497645,24.129658507526244,25.304670843360913,0.23840473973473839,TonyParkes_5.wav,alzehiemer
-161.51339721679688,19.113388061523438,20.920085906982422,8.281906127929688,-4.912343978881836,0.4098890721797943,-13.084726333618164,-3.7800800800323486,-9.03745174407959,2.91451358795166,-3.2326624393463135,1.7273157835006714,-1.8335784673690796,-0.0457419790327549,-0.061035118997097015,-0.024558641016483307,-0.014148576185107231,-0.0052513740956783295,0.0010871568229049444,0.022197633981704712,0.026415809988975525,0.02286692149937153,0.011905067600309849,0.006393833551555872,-0.003830044064670801,-0.0069513204507529736,0.4600580632686615,0.44277462363243103,0.4051572382450104,0.4109474718570709,0.4388338327407837,0.4940323233604431,0.5297812223434448,0.5681759715080261,0.600917637348175,0.5342339873313904,0.4980233311653137,0.4494406580924988,15.367563036126716,14.199904316838452,17.749854162413992,15.686211240267474,15.624496541954919,14.704707930797854,40.17147763603181,0.3672426211194732,TrevorPeacock_5.wav,alzehiemer
-292.2452087402344,86.47784423828125,15.860451698303223,26.41757583618164,9.088607788085938,7.497964859008789,-18.078609466552734,5.605548858642578,-1.0066030025482178,1.5546743869781494,5.154378414154053,-2.675525665283203,-1.6003544330596924,0.0753190740942955,0.048969101160764694,-0.020806027576327324,-0.01511259563267231,-0.0018388250609859824,0.0014808286214247346,-0.019186628982424736,-0.014395675621926785,0.0006888069910928607,-0.005945397075265646,-0.0035810195840895176,-0.0014700776664540172,-0.0004000367771368474,0.3586583137512207,0.37824949622154236,0.43103858828544617,0.41005468368530273,0.39107564091682434,0.4184753894805908,0.4756658375263214,0.49753791093826294,0.42837023735046387,0.3748699128627777,0.3695410490036011,0.3807263970375061,18.09639341919034,15.910502845541576,17.899066859580277,17.113013835550348,18.001906531814342,17.50056523607254,30.146745768898697,0.11356678362923864,Vampiro_0.wav,alzehiemer
-326.48101806640625,107.64315032958984,11.022453308105469,29.885637283325195,16.171083450317383,24.649667739868164,-10.48463249206543,6.208703517913818,-5.06631326675415,-3.122673511505127,2.7580413818359375,-0.7764847278594971,-1.167938470840454,-0.035031989216804504,0.01929008774459362,0.012915845960378647,-0.004578716121613979,0.007647758349776268,-0.008224662393331528,0.01347331702709198,0.004333334509283304,-0.007321099750697613,-0.0061917658895254135,-0.002848170232027769,-0.004088173620402813,-0.013766544871032238,0.34520480036735535,0.1948695331811905,0.2250240594148636,0.22149856388568878,0.1821471005678177,0.20324791967868805,0.262789249420166,0.32016175985336304,0.3299395740032196,0.318176805973053,0.5740764737129211,0.5977372527122498,22.413795752171787,16.770274748755796,18.58865414614512,16.802945941787666,18.642774046874116,18.40560310294832,27.247122538061166,0.06813404521004099,Vampiro_5.wav,alzehiemer
-348.1022644042969,111.58533477783203,33.67374038696289,29.72943687438965,-0.2915900647640228,6.223764896392822,-12.058387756347656,-9.449911117553711,-11.295032501220703,-1.871107816696167,-6.308515548706055,1.0573660135269165,-3.91629695892334,-0.6240414381027222,-0.0826101154088974,0.14001397788524628,0.10074055194854736,0.10756447911262512,0.07053346186876297,0.07130741328001022,0.07219191640615463,0.01844925992190838,-0.015669025480747223,-0.0007234510267153382,0.017947372049093246,0.02746669575572014,0.3770473897457123,0.33029693365097046,0.3768989145755768,0.3355647921562195,0.28545862436294556,0.25545424222946167,0.28771013021469116,0.3327794075012207,0.37808266282081604,0.359206885099411,0.3855736553668976,0.43772268295288086,22.880850894924677,17.41880599814426,22.331888401575398,17.636589266328734,17.354340911994157,17.360272304489435,28.160813543432763,0.08528125959766585,AlanArkin_1.wav,normal
-191.73838806152344,132.3475341796875,12.177397727966309,8.948573112487793,-11.173521041870117,1.4153043031692505,-15.51829719543457,-15.360995292663574,-8.929244995117188,-8.384546279907227,-4.1914963722229,-3.056882381439209,-12.70438289642334,-0.1355549544095993,-0.023139644414186478,0.00829617865383625,0.01177787035703659,0.02551170065999031,0.0044111390598118305,0.012655764818191528,0.005512290168553591,0.013998925685882568,0.014745854772627354,0.009226595051586628,-0.0036987238563597202,0.007865268737077713,0.3724628686904907,0.3045015037059784,0.2979728579521179,0.30895334482192993,0.4225159287452698,0.40825024247169495,0.36414995789527893,0.41177988052368164,0.44626814126968384,0.4728231430053711,0.45506808161735535,0.3814533054828644,23.22990755075364,15.663086947290935,18.832559196721878,17.249217990537453,17.725653822867873,18.784155178481225,32.60439675131734,0.09518186182706957,AlanArkin_3.wav,normal
-164.14166259765625,83.89173126220703,48.542091369628906,18.360456466674805,12.793778419494629,-0.27658674120903015,-14.441903114318848,0.041718993335962296,1.092049479484558,-2.7271780967712402,1.7278740406036377,5.114179611206055,-2.3628933429718018,-0.15277686715126038,0.20879437029361725,0.007914774119853973,0.029132146388292313,0.06097111478447914,-0.042579974979162216,-0.013180469162762165,0.03628987818956375,-0.012830601073801517,-0.004757835995405912,-0.02419673651456833,-0.014770588837563992,-0.0065181017853319645,0.3939014673233032,0.3304236829280853,0.2955581545829773,0.3098977506160736,0.34975719451904297,0.4763789176940918,0.6050570011138916,0.5268027186393738,0.4587500989437103,0.46324676275253296,0.46923333406448364,0.4490456283092499,22.65513820718797,14.314351797078412,18.118847853296852,15.91372933158551,17.094510349530406,16.44234435814582,39.075664298588386,0.1333966538242009,AlPacino_1.wav,normal
-357.1833190917969,122.77787017822266,-2.437173366546631,16.733898162841797,-8.566973686218262,-5.8622612953186035,-18.739425659179688,1.7240270376205444,-4.48886251449585,-1.0854264497756958,-3.4284656047821045,1.8678483963012695,0.42850178480148315,0.08531467616558075,-0.058694642037153244,0.014537804760038853,-0.04185353219509125,-0.018121417611837387,0.007145411800593138,-0.005976283457130194,0.006962735205888748,0.00549947377294302,-0.00010181985271628946,0.011103077791631222,0.009545580483973026,0.0024218002799898386,0.36679282784461975,0.3412720263004303,0.37448278069496155,0.39013323187828064,0.3829125165939331,0.3806830644607544,0.3415004014968872,0.3433986306190491,0.36521804332733154,0.40800464153289795,0.4146454334259033,0.4156681299209595,17.813715522733382,15.805832438676177,18.5801531824443,17.634716175573548,18.074276850901324,18.486698152142942,25.51387217574727,0.10832941344895287,AlPacino_2.wav,normal
-236.22618103027344,101.29537200927734,2.6225531101226807,16.671228408813477,-4.3373847007751465,-5.332484722137451,-4.640106201171875,-5.431046485900879,-15.110116958618164,1.110131025314331,-6.8883233070373535,0.37415871024131775,-2.578392744064331,0.032215576618909836,-0.04311986267566681,0.02341235615313053,0.0029938386287540197,-0.008168462663888931,0.014853821136057377,0.00710707250982523,-0.00418395409360528,0.003170692129060626,0.005834076553583145,0.0017349765403196216,-0.002599948551505804,-0.0016975101316347718,0.41766759753227234,0.3958108425140381,0.3585216701030731,0.3342399001121521,0.33982956409454346,0.3801702558994293,0.4299907982349396,0.49626073241233826,0.5196396112442017,0.5458522439002991,0.5261051058769226,0.48472151160240173,23.743547498226842,13.985069860218404,17.204992482000836,16.58040455280638,17.815814604476657,17.959396675176105,32.79082914563447,0.1265065030105759,AlPacino_3.wav,normal
-330.32293701171875,105.80388641357422,-27.037914276123047,29.21909523010254,-8.200927734375,-11.723386764526367,-15.904458045959473,7.080568790435791,-1.8948336839675903,7.68049955368042,-9.78698444366455,-3.2225828170776367,-5.583462715148926,-0.2506868541240692,-0.0026042365934699774,0.07518113404512405,0.017348820343613625,0.03641006350517273,0.011733557097613811,0.011219864711165428,-0.004552080295979977,-0.0016990500735118985,-0.012130353599786758,0.008056228049099445,0.01041389349848032,0.0047932215966284275,0.38518226146698,0.3876010775566101,0.4251004159450531,0.4039962589740753,0.381171852350235,0.42043912410736084,0.4298497438430786,0.37956175208091736,0.3233965337276459,0.3077482581138611,0.3589658737182617,0.41214025020599365,23.688676295165152,16.32144673643386,18.314212394496973,16.882729894943893,17.632653734003828,17.050016567587267,25.188052114919756,0.12818736257329424,Angela Lansbury_1.wav,normal
-263.5360412597656,124.29145812988281,8.713452339172363,-6.613543510437012,-4.812982559204102,-3.00484299659729,-5.884156703948975,4.43765115737915,0.2372026890516281,3.148625373840332,-5.117513179779053,-0.038601506501436234,1.9552563428878784,0.03426607698202133,0.024988649412989616,0.005012215580791235,-0.007065704092383385,-0.011663033626973629,-0.010530669242143631,-0.011758997105062008,-0.002159631811082363,0.003011157503351569,-0.0016594361513853073,-0.005468410439789295,-0.004034531302750111,-0.005200714338570833,0.3533003032207489,0.3310602009296417,0.3603789210319519,0.37378427386283875,0.3836508095264435,0.45293551683425903,0.5019863247871399,0.47744619846343994,0.3431301414966583,0.3441729247570038,0.36670950055122375,0.3877009153366089,17.4413439324012,15.515456134926712,17.441101015938738,18.439342154130202,17.825974309640046,16.11091488925321,31.06452846428831,0.10477863658558238,Angela Lansbury_2.wav,normal
-336.2927551269531,63.6968994140625,12.502541542053223,15.135401725769043,-1.6489568948745728,-5.009700775146484,-18.281030654907227,-11.459261894226074,-14.904778480529785,-3.977254629135132,-14.265082359313965,-10.229061126708984,-7.309579372406006,0.2547309100627899,0.06158745288848877,-0.024113480001688004,0.003537647658959031,0.006448911968618631,-0.018476372584700584,-0.012341627851128578,-0.013393650762736797,-0.0017809744458645582,-0.0004394831194076687,-0.003200189210474491,0.0007894440786913037,0.00980454497039318,0.31617552042007446,0.3379554748535156,0.3572872281074524,0.4244982600212097,0.43886053562164307,0.39503613114356995,0.3703041076660156,0.3502468466758728,0.30509835481643677,0.3041234314441681,0.3061100244522095,0.302776575088501,26.629183544675673,17.320099876360796,19.736637885953733,17.00727259872153,18.764999180269488,17.844829906246137,31.124282829643622,0.1536065799883411,Angela Lansbury_3.wav,normal
-300.9742126464844,99.47956085205078,31.919925689697266,0.3792237639427185,2.004960298538208,-0.9978097677230835,-20.73843002319336,2.0316479206085205,-10.524115562438965,-1.3786040544509888,1.076019525527954,-4.987069606781006,-4.235169887542725,-0.041419051587581635,0.0633491799235344,0.028630098327994347,-0.008640825748443604,-0.0015117303701117635,-0.00925531703978777,0.007674041204154491,-0.0039467113092541695,-0.015904508531093597,-0.01413864828646183,-0.001995356287807226,0.0036833223421126604,-0.007042820565402508,0.3608001470565796,0.3660818338394165,0.4098159372806549,0.40170615911483765,0.42366448044776917,0.491584450006485,0.5211725831031799,0.48812156915664673,0.4525826573371887,0.39920997619628906,0.41295215487480164,0.39603927731513977,18.297813883152745,14.543184642221735,17.502278725052395,16.219848298195718,18.293227137283793,17.015337886821218,32.216265759519835,0.12993384509420547,AngeloBadalamenti_1.wav,normal
-307.8222351074219,114.31986999511719,-9.714818954467773,39.71663284301758,-27.70646858215332,24.943145751953125,-23.530553817749023,7.47326135635376,-10.526555061340332,-3.5277092456817627,2.870708703994751,-12.783681869506836,4.613703727722168,0.1336325705051422,0.02648790553212166,-0.012349559925496578,-0.0014527685707435012,0.004799720831215382,-0.002713617403060198,-0.02233239635825157,-0.013435255736112595,-0.0281587615609169,-0.02555207349359989,-0.008455712348222733,-0.009410974569618702,-0.010107033886015415,0.4593122899532318,0.46923890709877014,0.45834457874298096,0.4069521129131317,0.3500518798828125,0.3114870488643646,0.3116440176963806,0.3709021508693695,0.4021901786327362,0.37785112857818604,0.4157191514968872,0.4743046462535858,19.97062400290643,16.599823529389596,17.672122843183843,16.5433216045687,15.368714829000606,34.25795575406872,13.975140268675295,0.21668841764739488,AngeloBadalamenti_2.wav,normal
-249.79331970214844,88.07355499267578,3.686884880065918,-7.973661422729492,7.028883934020996,-12.712465286254883,-20.644027709960938,-1.5791491270065308,-23.491748809814453,1.5567246675491333,-18.681562423706055,-6.016724586486816,-12.234766960144043,0.06309153139591217,0.04028628394007683,0.006390695460140705,0.008247166872024536,0.00414071511477232,0.003928580321371555,-0.0016809141961857677,0.003591936081647873,-0.007025741506367922,-0.0027783261612057686,-0.006307898089289665,-0.005717127118259668,-0.0024204805959016085,0.4338257908821106,0.4078311026096344,0.39737996459007263,0.361232727766037,0.3871171474456787,0.36142975091934204,0.37332725524902344,0.3898947536945343,0.41346317529678345,0.4440152943134308,0.40418383479118347,0.4201359450817108,27.547440096738292,15.484655557559723,17.907740310697527,16.77559083559133,18.63046735069782,18.202722996760684,34.065483140240545,0.14549982780838963,AngeloBadalamenti_3.wav,normal
-359.40264892578125,91.5641860961914,42.67903518676758,20.419170379638672,10.56474781036377,6.729028701782227,-7.378825664520264,3.218702793121338,0.14427626132965088,-4.5232391357421875,-2.2794888019561768,-4.499978542327881,-3.463334321975708,0.0819782167673111,0.013889788649976254,0.0101433414965868,-0.00021186012600082904,0.0053135184571146965,-0.003443407127633691,-0.01742861233651638,0.0019125553080812097,-0.004915730562061071,-0.0011055166833102703,0.0015282551757991314,-0.0035097491927444935,0.004507078789174557,0.2649451196193695,0.2835494875907898,0.35170403122901917,0.34154918789863586,0.3903214633464813,0.5305712223052979,0.46245089173316956,0.384284108877182,0.3676077723503113,0.3714439570903778,0.4616413116455078,0.3406324088573456,24.46356308849238,15.86281943098624,16.868134117769763,16.263732409877715,17.585771155314227,16.862843278742915,29.409602925907155,0.11247583762886598,AnthonyHopkins_1.wav,normal
-368.5975341796875,119.90422058105469,17.632007598876953,27.140705108642578,3.6992478370666504,3.8958699703216553,-0.7541276812553406,1.1618702411651611,-0.8946804404258728,6.566248416900635,2.557804822921753,-2.2460451126098633,1.7429144382476807,-0.07199748605489731,-0.014360299333930016,0.003230278380215168,-0.009319012984633446,0.0049445657059550285,0.002523185918107629,0.007687692530453205,0.005628297105431557,0.004908380098640919,-0.0025255985092371702,-0.0004965788684785366,0.0026245901826769114,0.002908892696723342,0.4317706227302551,0.40472471714019775,0.3957264721393585,0.40575477480888367,0.43508967757225037,0.49299582839012146,0.5046659708023071,0.5171299576759338,0.5096701979637146,0.5048226118087769,0.5093535780906677,0.4784576892852783,21.592785590169523,14.927026326310079,16.188905244829268,15.81153222121758,16.416184846734506,17.74419852712974,25.057425835581125,0.06995943776661927,AnthonyHopkins_2.wav,normal
-317.4384765625,75.48529052734375,32.4163703918457,28.540998458862305,-1.6557769775390625,3.9141054153442383,-3.2983133792877197,-7.502053737640381,-8.6704740524292,-1.6891334056854248,-6.054566383361816,-9.101480484008789,-8.72476577758789,0.207083597779274,0.011541977524757385,-0.07744792848825455,0.014977006241679192,-0.023892031982541084,-0.008663540706038475,-0.02645311877131462,-0.02219410426914692,0.013029309920966625,0.011043400503695011,0.008628731593489647,-0.012287996709346771,0.015438009984791279,0.46523070335388184,0.4345407485961914,0.395817369222641,0.35376647114753723,0.31798553466796875,0.3058951199054718,0.31050485372543335,0.35877683758735657,0.3812326490879059,0.45955318212509155,0.5183195471763611,0.4943443238735199,27.22708975080465,15.675704089664844,17.48555662139099,16.2496953227134,16.463544853854,17.095642476542068,31.07385340196008,0.13067037298064618,AnthonyHopkins_3.wav,normal
-536.6355590820312,105.72476959228516,29.28849220275879,14.938518524169922,5.331343173980713,-3.451446056365967,-1.0866916179656982,-0.2501649260520935,-1.4886044263839722,-1.2092443704605103,-3.0461297035217285,-1.197194218635559,1.4416933059692383,0.07714477926492691,0.0692908763885498,0.0063665276393294334,-0.004888612776994705,-0.005274110473692417,-0.009568076580762863,-0.009279348887503147,-0.00896203238517046,-0.018473489210009575,-0.00788792036473751,0.0027376157231628895,-0.0019303663866594434,-0.005615732632577419,0.44645872712135315,0.26780861616134644,0.2868216931819916,0.35835814476013184,0.4135119915008545,0.41117173433303833,0.3320365250110626,0.26925697922706604,0.26602694392204285,0.31922587752342224,0.507616400718689,0.584812581539154,19.31354365193446,15.79699842724345,18.06563966307211,17.90792051596915,17.556821641822427,16.250178587640956,17.844991689593538,0.061283443119380616,BarbraStreisand_1.wav,normal
-293.8858947753906,88.15058898925781,0.8639063239097595,20.59530258178711,2.4301629066467285,-8.257798194885254,-10.773019790649414,-1.7659494876861572,-7.695711135864258,-2.15403413772583,-9.903836250305176,-5.395834922790527,-0.24442662298679352,-0.1519339233636856,-0.06714425981044769,0.06209893897175789,0.04035177081823349,0.021865716204047203,-0.0011016612406820059,-0.0011282231425866485,-0.0005858434014953673,0.01583700254559517,-0.016446661204099655,0.012293938547372818,0.014944011345505714,0.017116574570536613,0.319485068321228,0.2763199508190155,0.25727081298828125,0.3350580334663391,0.37499701976776123,0.46718981862068176,0.500925600528717,0.4019222855567932,0.40435513854026794,0.3394481837749481,0.32084769010543823,0.31851112842559814,21.11756674720504,17.385709739793118,18.942771721163165,17.145366790373867,17.257666763963567,16.417548937155182,30.273677269081084,0.13503700804015636,BarbraStreisand_2.wav,normal
-317.4621276855469,68.94459533691406,-11.04537296295166,14.8322114944458,1.646070957183838,-3.343008041381836,-9.192163467407227,-9.046321868896484,-12.604759216308594,-9.686046600341797,-10.000496864318848,-8.932775497436523,-2.842407464981079,0.026487646624445915,-0.004662571474909782,0.018603414297103882,-0.0021344777196645737,0.013302477076649666,0.011396938003599644,-0.002885357476770878,-0.002763739787042141,0.0027727566193789244,-0.005018914118409157,-0.012279783375561237,-0.008545588701963425,-0.010314802639186382,0.29474279284477234,0.2862585186958313,0.32879310846328735,0.36442089080810547,0.4252387285232544,0.4358869194984436,0.38252565264701843,0.34835192561149597,0.33690962195396423,0.3348905146121979,0.40135785937309265,0.3767988681793213,28.95489558637923,17.221667461579298,19.060695274578627,16.80594612240432,17.723059006845425,17.66812587600579,29.81510533600134,0.15216773962406682,BarbraStreisand_3.wav,normal
-340.7005615234375,142.7084503173828,1.6514103412628174,25.308794021606445,3.4467644691467285,-3.547541379928589,-8.248239517211914,-5.093327522277832,0.7546572089195251,1.2304896116256714,-1.0348575115203857,0.3717604875564575,0.44036462903022766,0.07095857709646225,-0.04510249197483063,0.032005757093429565,0.017058629542589188,-0.0018112355610355735,0.000627564440947026,0.0026541834231466055,-0.0007779071456752717,-0.0013131850864738226,-0.020550468936562538,-0.011252744123339653,0.00036230136174708605,-0.005140045192092657,0.38061609864234924,0.3476788401603699,0.3564378619194031,0.3757456839084625,0.3933718800544739,0.4253026843070984,0.4475339651107788,0.4460470974445343,0.44299060106277466,0.4404706060886383,0.442089319229126,0.4224530756473541,21.273840891073,15.625037525929544,18.13459758422734,16.43464563027713,18.79570382371495,20.578654606748984,24.566424534049695,0.07179747190387349,BarryLevinson_1.wav,normal
-285.8634338378906,94.77256774902344,36.55125427246094,33.39390563964844,-5.109493255615234,-1.3586270809173584,-2.3669209480285645,-13.868438720703125,-2.7694320678710938,3.9859495162963867,-9.661438941955566,4.0183844566345215,-8.841710090637207,0.05334470793604851,0.05212930589914322,-0.02454899065196514,-0.021537240594625473,-0.01737399213016033,-0.014358330518007278,-0.0022283343132585287,-0.0009126102086156607,-0.005089049227535725,-0.004170805215835571,0.00311459181830287,0.003520550671964884,-0.000507533666677773,0.4206831157207489,0.36985674500465393,0.3171390891075134,0.31475451588630676,0.3092867136001587,0.334670752286911,0.3778475224971771,0.36760634183883667,0.3729000985622406,0.4223601520061493,0.47771090269088745,0.4603622853755951,25.64986386952277,15.516722471818493,19.12377939514067,16.955046684450565,18.197187659462035,21.04692871047914,31.95177903886191,0.11162204186893204,BarryLevinson_2.wav,normal
-309.51171875,111.79734802246094,3.368058204650879,27.880929946899414,-0.9989657402038574,-9.494623184204102,-3.4323933124542236,-13.498172760009766,-7.525609493255615,2.570911407470703,-7.863002300262451,0.6727025508880615,-1.6395821571350098,0.06692492216825485,0.023569395765662193,-0.027782002463936806,-0.014568465761840343,-0.008915916085243225,0.0034120772033929825,0.013702326454222202,-0.013003181666135788,-0.008140796795487404,0.010891623795032501,0.003075815737247467,-0.0010061758803203702,-0.008143972605466843,0.5245245695114136,0.5518031716346741,0.4657299220561981,0.3689868748188019,0.32875949144363403,0.2741013467311859,0.23363283276557922,0.2456081658601761,0.288326621055603,0.3460291028022766,0.3761197626590729,0.39780348539352417,24.960037064884602,16.906284531742816,19.62992507730929,17.74003413618812,17.835972632132428,19.336341517801735,26.57129199123599,0.07743918442276929,BarryLevinson_3.wav,normal
-297.49505615234375,95.45498657226562,15.723791122436523,33.11456298828125,4.1070051193237305,-17.11545181274414,-28.433019638061523,-16.281517028808594,-20.686819076538086,-6.841405868530273,-6.050889492034912,5.390562534332275,-16.784849166870117,-0.10360760241746902,-0.03120769001543522,-0.0073107825592160225,-0.010538441129028797,-0.0009650037973187864,0.007582091260701418,0.012065272778272629,0.004487105645239353,0.009871327318251133,0.004236076958477497,0.010844286531209946,0.0067770048044621944,0.005916130263358355,0.4010462462902069,0.40235376358032227,0.41794610023498535,0.3997108042240143,0.34482914209365845,0.3157123625278473,0.25647103786468506,0.26270025968551636,0.29510071873664856,0.34742099046707153,0.37444284558296204,0.3852873742580414,25.920142531766324,16.059954319339646,21.653417274076766,18.536715514909133,19.60656001265961,19.94035527498298,31.935736264828712,0.11485649079052612,BernieSanders_3.wav,normal
-190.4102783203125,142.3063507080078,-27.63173484802246,29.811237335205078,2.5824480056762695,-11.829808235168457,-12.51067066192627,-3.7702250480651855,-9.342544555664062,-2.130335569381714,0.40001970529556274,1.5145817995071411,2.2631876468658447,0.15321989357471466,0.015555440448224545,-0.07369759678840637,0.012022445909678936,0.0028439294546842575,-0.014552929438650608,-0.011945841833949089,0.017247971147298813,0.016603661701083183,-0.0064658126793801785,0.007756368722766638,0.010541305877268314,0.0031688993331044912,0.30173051357269287,0.2745652198791504,0.2743244171142578,0.30494722723960876,0.317482054233551,0.3545122444629669,0.3800736665725708,0.35491687059402466,0.2995169758796692,0.2822948694229126,0.3157241642475128,0.32762837409973145,17.96413021148003,18.378037914871744,21.074512120191795,17.161188496561106,19.558829388620246,18.16697917411044,28.624734684536065,0.07492813974056604,Betty White_1.wav,normal
-302.0873107910156,75.29299926757812,-8.424761772155762,23.263957977294922,12.34118938446045,6.897199630737305,-10.176406860351562,0.17258413136005402,-10.465657234191895,-6.924465656280518,-3.103005886077881,-0.3870515525341034,-0.595299482345581,0.18208812177181244,-0.01044437475502491,-0.09294009208679199,-0.05686838924884796,-0.012819918803870678,-0.00831474270671606,0.0028134228195995092,-0.004242761060595512,0.021111465990543365,-0.028895791620016098,0.03689181059598923,0.014386983588337898,-0.0012103364570066333,0.32151296734809875,0.3154533803462982,0.32393187284469604,0.33414211869239807,0.35718145966529846,0.3434072434902191,0.34380239248275757,0.32199254631996155,0.3222779333591461,0.31772828102111816,0.34428200125694275,0.32775720953941345,26.548147470020456,19.336533693957612,21.062597040369447,17.86269297649912,19.145341436215695,17.604300161943844,30.548016416015464,0.12420220397659952,Betty White_2.wav,normal
-196.94761657714844,100.94873046875,8.68811321258545,5.02398681640625,-8.595553398132324,-6.112536907196045,-16.995527267456055,0.9818964600563049,-8.50154972076416,-2.9005286693573,-8.902486801147461,-0.8421379327774048,-4.452006816864014,-0.04238825663924217,-0.005516335368156433,0.04907909035682678,0.019942689687013626,0.003935201093554497,-0.0010540427174419165,-0.01635308936238289,0.0004361227620393038,-0.007761238608509302,-0.009965138509869576,0.002737609436735511,-0.0049841576255857944,0.0019669150933623314,0.32611048221588135,0.33587968349456787,0.31444743275642395,0.3123420476913452,0.36932703852653503,0.40763339400291443,0.3977302610874176,0.39902135729789734,0.3677937686443329,0.35236382484436035,0.3284146189689636,0.29220667481422424,19.510876975626424,16.941319210837094,18.953125941928914,17.692287625980068,18.07540572453341,17.426986995549736,34.5887376339236,0.12481134127025342,Betty White_3.wav,normal
-229.06439208984375,55.16654968261719,-7.573277473449707,18.22030258178711,-11.437644958496094,0.17876122891902924,-15.770500183105469,-5.561110496520996,-2.6478047370910645,-4.413450241088867,-4.643710613250732,2.879575252532959,-7.376337051391602,0.018633222207427025,0.016766535118222237,0.006194464396685362,0.0008526106248609722,-0.012092235498130322,-0.002957492135465145,-0.008748747408390045,-0.007495005615055561,0.0003241384110879153,-0.002652176422998309,0.0009843066800385714,0.0007175885839387774,-0.0025687923189252615,0.40190935134887695,0.4028823673725128,0.39871078729629517,0.3761981427669525,0.3750811517238617,0.3784238398075104,0.400973379611969,0.4196396768093109,0.4455500543117523,0.4564048945903778,0.4456789195537567,0.4320794343948364,16.286786026101108,15.815047039748563,18.309860745345027,16.375650876757202,17.4190186722715,18.200942326391583,33.5525898708387,0.1833014408549591,BillCosby_1.wav,normal
-308.4548645019531,142.9059600830078,7.073397159576416,22.48824691772461,-0.9168107509613037,1.5916962623596191,-14.467641830444336,-8.663708686828613,-6.640856742858887,-8.376700401306152,-2.839864730834961,-0.7402030229568481,-7.39205265045166,0.2450667768716812,-0.19051602482795715,-0.03935917466878891,-0.14222298562526703,-0.03781690075993538,0.004710335750132799,0.05124145373702049,0.06194291263818741,-0.007461079396307468,0.06710121035575867,-0.0018866501050069928,0.0152591522783041,-0.01542630698531866,0.3415973484516144,0.31407204270362854,0.31547701358795166,0.27438679337501526,0.3014453649520874,0.35974809527397156,0.38886722922325134,0.4189833700656891,0.468519926071167,0.45255181193351746,0.43275973200798035,0.3751336634159088,25.272778362337927,15.541474603644254,19.325475423709594,16.245836292421487,18.24473562466038,17.795207337449654,26.754327342454832,0.08352248733108109,BillCosby_3.wav,normal
-271.6416320800781,111.16925811767578,-18.03752899169922,33.39669418334961,-13.692427635192871,2.574594497680664,-14.978528022766113,-18.906339645385742,-6.290956020355225,-5.016059398651123,-4.900609970092773,-3.052845001220703,-5.816628456115723,-0.04482431709766388,-0.005354474298655987,-0.008165557868778706,-0.02951016090810299,0.03360126167535782,0.015235369093716145,-0.0017154911765828729,0.0003337402595207095,-0.02783104032278061,-0.0023249101359397173,0.00883095245808363,0.00032340409234166145,-0.005572431720793247,0.3683956563472748,0.3475542366504669,0.3611774146556854,0.35092681646347046,0.36844033002853394,0.4142543077468872,0.4214688241481781,0.3750549554824829,0.36086809635162354,0.37568286061286926,0.43915534019470215,0.4308822751045227,23.23659373219344,15.246951978024732,18.625869849298187,16.591134590977006,17.17751108462769,21.082045954042343,27.609167940799477,0.10468317573800738,BillWyman_1.wav,normal
-238.41860961914062,137.26519775390625,-4.99972677230835,24.130966186523438,-6.085513114929199,-0.757536768913269,-12.818391799926758,-13.383209228515625,-6.553221225738525,1.528348684310913,-2.2231767177581787,5.120720386505127,-2.7794268131256104,-0.13218344748020172,-0.004644486587494612,0.03939216211438179,-0.029530834406614304,0.024942046031355858,0.008175703696906567,0.027817286550998688,0.005378662142902613,-0.003145612543448806,0.018077535554766655,-0.0010249345796182752,-0.017271818593144417,0.004660315811634064,0.43637093901634216,0.425150066614151,0.4338601231575012,0.3594467341899872,0.3757907748222351,0.38139036297798157,0.43982282280921936,0.441434383392334,0.3713144063949585,0.36383214592933655,0.34807372093200684,0.36605462431907654,22.086506602226038,14.78191812926487,18.53657301603014,16.51788243539253,17.07487470039964,19.413788581431575,29.04758569118365,0.08765836882823366,BillWyman_2.wav,normal
-310.8416442871094,101.55972290039062,-11.657434463500977,38.628780364990234,2.200094223022461,2.6205012798309326,-3.521822214126587,-14.356172561645508,-13.392468452453613,2.2442479133605957,-15.079533576965332,-3.4475057125091553,-6.233191967010498,-0.03299126774072647,0.04981236159801483,0.005586171988397837,-0.02600177191197872,-0.03872019797563553,-0.0015022297156974673,0.03279682993888855,-0.00045536280958913267,-0.01182661671191454,0.014005201868712902,0.004062543157488108,0.006069241091609001,0.017196813598275185,0.41377320885658264,0.40352439880371094,0.3222977817058563,0.32209867238998413,0.3259468674659729,0.34163644909858704,0.36900535225868225,0.3143382966518402,0.3587471842765808,0.4311188757419586,0.4618106782436371,0.44039657711982727,25.44117039358355,16.33482601501014,18.66855748145838,16.431178633725878,17.39595301642132,19.301167774814225,27.635670461506276,0.10251042515180687,BillWyman_3.wav,normal
-414.2422180175781,73.14411163330078,18.540315628051758,9.205212593078613,-7.051261901855469,-9.002222061157227,-13.591653823852539,-7.133094310760498,-9.9840726852417,0.37774404883384705,-5.816187381744385,3.8974392414093018,-8.611994743347168,0.0031123484950512648,-9.954513188858982e-06,-0.004286674316972494,-0.0074296267703175545,0.004896590486168861,-0.003137811552733183,-0.008912765420973301,-0.0015525066992267966,-0.0037614526227116585,-0.0025865251664072275,0.0013196154031902552,0.00917056854814291,0.012229468673467636,0.3671676516532898,0.3367087244987488,0.3729217052459717,0.3417471647262573,0.29630985856056213,0.3734561502933502,0.372256875038147,0.4000761806964874,0.393002450466156,0.368529736995697,0.39574968814849854,0.5138905048370361,19.929352372417018,15.550183131881736,17.884863990848068,16.206339907971568,16.836914216762082,19.357180967467716,33.331939635478406,0.19911780916735028,bobbarker_2.wav,normal
-366.271728515625,131.3665313720703,0.08862190693616867,14.93343734741211,-1.324451208114624,-11.717724800109863,-7.858112812042236,-8.706121444702148,-4.494089126586914,0.5854707360267639,-3.5989904403686523,0.5312239527702332,-9.19505500793457,-0.0138009088113904,-0.0054945009760558605,-0.011963849887251854,0.002790445927530527,0.011408906430006027,-0.010708535090088844,0.009995967149734497,0.0011553183430805802,-0.0165438000112772,-0.0074698226526379585,-0.003548493143171072,0.009051728062331676,0.00441171508282423,0.42016470432281494,0.4015520513057709,0.4059600830078125,0.4210345447063446,0.4586316645145416,0.414856493473053,0.37954339385032654,0.37546876072883606,0.4121507406234741,0.43894630670547485,0.39390552043914795,0.3707199692726135,19.17727004390795,15.11988432857867,18.61683948401009,17.10924575405042,18.081096634563014,18.233223942366386,24.764754795714243,0.09094620513407728,bobbarker_3.wav,normal
-312.33624267578125,105.42134094238281,26.362384796142578,19.171409606933594,-9.293614387512207,-2.0149309635162354,-12.416041374206543,-13.546377182006836,-7.122118949890137,1.545527458190918,-1.7551288604736328,5.2684197425842285,4.911872386932373,-0.24692755937576294,-0.07783634960651398,0.017703605815768242,0.033105939626693726,0.03366653248667717,0.014259915798902512,0.021296367049217224,0.04238226264715195,0.02466728910803795,0.022896666079759598,-0.0026715092826634645,0.00091034104116261,-0.002432510955259204,0.4169566333293915,0.39498186111450195,0.3446705937385559,0.3395070433616638,0.3323131501674652,0.3648434281349182,0.35163161158561707,0.3124713897705078,0.3904447555541992,0.4873039126396179,0.5467953085899353,0.47657474875450134,18.79514525017098,14.050472910639154,19.52957685271035,15.390722181094471,15.607313953747544,17.74209039008908,31.7963857991116,0.09446869401185226,BobDole_1.wav,normal
-41.84811782836914,98.3136978149414,16.644197463989258,35.5482063293457,-1.386843204498291,-2.5774929523468018,-13.479957580566406,-4.2499918937683105,-13.836492538452148,-0.84324049949646,-4.945463180541992,-3.728471040725708,-6.342159748077393,-0.06937848031520844,0.0054634129628539085,0.006268012803047895,-0.013640114106237888,0.01620967499911785,-0.004068351816385984,0.0034734883811324835,-0.002822928363457322,-0.004899971187114716,0.0061923786997795105,-0.004485478159040213,-0.00791141763329506,0.00797695480287075,0.5055584907531738,0.4860505163669586,0.41083502769470215,0.4147792160511017,0.42319563031196594,0.40723082423210144,0.3589760661125183,0.40036481618881226,0.46374985575675964,0.48028528690338135,0.501064658164978,0.5382574200630188,18.11560797252588,14.305233430605115,17.280353276841616,15.198322401363418,15.903418712470735,16.572014465454803,36.13572526175563,0.09826652789302957,BobDole_2.wav,normal
-369.140869140625,116.56635284423828,7.5980119705200195,17.024282455444336,-1.4221454858779907,-10.090616226196289,-11.00590991973877,-22.111894607543945,-15.356886863708496,-5.274261474609375,-4.512436866760254,-2.799576759338379,-6.947145938873291,0.47685477137565613,0.013770743273198605,-0.04525920748710632,0.14091481268405914,0.06706272810697556,-0.01934918574988842,-0.09004809707403183,-0.03506042808294296,-0.0001566769351484254,-0.01125996746122837,0.025991888716816902,-0.004087809007614851,1.3141327144694515e-05,0.4622148275375366,0.4395979642868042,0.407553106546402,0.3659822344779968,0.36539116501808167,0.39281585812568665,0.3827718496322632,0.39013439416885376,0.5384225249290466,0.523282527923584,0.45949333906173706,0.46856600046157837,25.566710331356745,14.365070584939728,18.884495769937644,15.650808125617706,16.984747248418184,18.14405312750016,26.228700117486568,0.09865845283961187,BobDole_3.wav,normal
-98.84086608886719,101.76753997802734,-44.70387649536133,14.412688255310059,-28.082578659057617,14.63299560546875,-18.858455657958984,-1.857729196548462,-12.110313415527344,-6.29531717300415,-6.155704021453857,-1.9508235454559326,-2.2254512310028076,0.02590000256896019,0.010836760513484478,-0.007698092609643936,0.004137665499001741,-0.0011475636856630445,0.00873902440071106,0.003487885696813464,0.006053797900676727,0.007092970889061689,-0.007457610219717026,-0.003951878286898136,-0.001957628410309553,-0.0009348794119432569,0.5385856628417969,0.43467414379119873,0.4114465117454529,0.42783796787261963,0.4529115855693817,0.45327386260032654,0.43965399265289307,0.46324482560157776,0.524124801158905,0.5541133880615234,0.6116909980773926,0.6524016261100769,21.461955826989755,13.648737967279905,16.202975670021832,15.761526676232972,15.87166953925772,19.287604710905313,32.594175768770285,0.16233745568044658,BobDylan_1.wav,normal
-121.70819091796875,141.59796142578125,5.820637226104736,24.842741012573242,8.844537734985352,9.367733001708984,-3.2116568088531494,4.597128391265869,2.913167715072632,10.405207633972168,4.925956726074219,1.6598591804504395,-3.3070056438446045,-0.04240817949175835,-0.059238072484731674,-0.019389592111110687,-0.05688425526022911,-0.035429421812295914,-0.006597639061510563,-0.02396666258573532,-0.027427349239587784,0.02192399837076664,0.005621373187750578,0.004252722952514887,-0.01127278245985508,0.004163512494415045,0.16372480988502502,0.15943405032157898,0.23816348612308502,0.3407205045223236,0.5824822187423706,0.8421995639801025,0.6284320950508118,0.39081794023513794,0.2270696610212326,0.17404721677303314,0.17753565311431885,0.1807248890399933,22.77637265735425,13.279848555218459,16.39703003261924,15.680217023657697,17.165830990853078,16.991233458844373,33.61669668180459,0.0485142995259481,BobDylan_2.wav,normal
-357.2445983886719,95.48831939697266,33.7563591003418,1.7044601440429688,9.38693618774414,7.163175106048584,-11.907707214355469,4.799159526824951,-7.37273645401001,5.810050964355469,-0.9261314272880554,-1.797446370124817,-2.542351007461548,0.05825391784310341,0.04713498055934906,0.015377389267086983,-0.04183080792427063,-0.023229461163282394,0.010635899379849434,0.009204368107020855,0.0013363485923036933,-0.01018532644957304,0.00955140683799982,0.01128424797207117,0.007202130742371082,-0.0005079701659269631,0.4183223843574524,0.45335856080055237,0.47359928488731384,0.5161986351013184,0.5097498893737793,0.49939852952957153,0.40894615650177,0.36976760625839233,0.439838707447052,0.47005099058151245,0.4688591957092285,0.42476561665534973,19.922142235685524,14.409111573611556,17.008896342453138,16.357666837592888,17.08110780399248,17.115155988198044,29.70747391354499,0.11964678952248493,BobDylan_3.wav,normal
-347.2057189941406,132.78053283691406,31.36605453491211,16.832721710205078,4.885328769683838,3.643587112426758,-10.606247901916504,1.009789228439331,-2.4959945678710938,4.596097946166992,-5.940060138702393,0.18468612432479858,0.2293362021446228,0.07150893658399582,0.0008054670761339366,-0.02520764246582985,-0.025794094428420067,-0.0011492345947772264,0.003788956440985203,0.0088035948574543,0.00042893769568763673,0.007215598132461309,0.007984318770468235,0.0040934886783361435,-0.001217620330862701,-0.004185202997177839,0.3476417064666748,0.3455350995063782,0.28526046872138977,0.261565625667572,0.2694283723831177,0.26480093598365784,0.2571103870868683,0.2996752858161926,0.3761250376701355,0.48549509048461914,0.565898060798645,0.39075377583503723,18.842626511999395,15.55028387851199,17.89839150216108,16.454639093612133,17.931719264838932,17.4893486561959,27.81700200964577,0.0709884424258229,BobNewhart_2.wav,normal
-413.32501220703125,106.80603790283203,-20.57282066345215,13.77953052520752,-7.458540916442871,-17.949872970581055,-18.60543441772461,-14.135865211486816,-16.052427291870117,-0.9509595036506653,-8.76229190826416,-4.325165271759033,1.2024134397506714,-0.04785073921084404,0.016899531707167625,0.027284901589155197,-0.007669869810342789,0.019527018070220947,0.011461704969406128,-0.010946111753582954,-0.010424965061247349,-0.000648670073132962,-0.0020848235581070185,0.0028178428765386343,-0.0019479296170175076,-0.007639245130121708,0.5113481283187866,0.41929328441619873,0.3363402187824249,0.3036235570907593,0.2886609733104706,0.3012247085571289,0.3045196533203125,0.3480900824069977,0.3464339077472687,0.35501712560653687,0.42686590552330017,0.4827055037021637,24.286127987183054,16.282904280601375,19.184550165554352,16.481524910487053,17.686039223119117,17.29184645238561,22.621398568561172,0.12503454247022752,BobNewhart_3.wav,normal
-348.2772216796875,122.63753509521484,30.798114776611328,20.624736785888672,11.410177230834961,-4.313626289367676,-15.576336860656738,-9.814482688903809,-16.487075805664062,4.15826940536499,-2.4933621883392334,4.066516399383545,0.8728008270263672,0.013532310724258423,-0.016172653064131737,-0.0031717719975858927,-0.007278167176991701,-0.006472231354564428,0.002077224664390087,0.0056002214550971985,0.0021169802639633417,0.006031074095517397,0.004305616021156311,0.002951742382720113,0.004924575798213482,0.0016540666110813618,0.35167479515075684,0.35630181431770325,0.3188229501247406,0.3096258044242859,0.401610404253006,0.3831058442592621,0.3483125567436218,0.3720737099647522,0.4424890875816345,0.4750196635723114,0.4174543023109436,0.35028114914894104,22.76298931899749,16.153234392410923,21.79196066437492,16.14912553999838,16.908890703516274,15.75265979866138,27.84303338537636,0.09332443175416855,BrianDePalma_1.wav,normal
-353.66107177734375,106.51571655273438,11.399968147277832,11.736127853393555,8.558188438415527,-0.7731474041938782,-7.252866744995117,-6.0479888916015625,-19.169857025146484,-7.534712314605713,-14.990917205810547,1.2133033275604248,-11.015120506286621,-0.002112541114911437,0.04045862331986427,0.004954862408339977,-0.013361620716750622,0.0207661259919405,-0.004992409609258175,-0.005347916856408119,-0.012759587727487087,-0.0014956011436879635,-0.006693700328469276,-0.005689555313438177,0.004876821767538786,0.0012412600917741656,0.46409493684768677,0.42706480622291565,0.3544765114784241,0.29788702726364136,0.26515108346939087,0.2639904320240021,0.2922953963279724,0.30960094928741455,0.28016197681427,0.2725202739238739,0.34843170642852783,0.404712438583374,25.13586000490073,18.02426419372134,20.433077768610897,17.814346661378966,18.608805903532847,17.751397194399054,28.417330423937184,0.1044982519641513,BrianDePalma_2.wav,normal
-373.80126953125,125.45723724365234,14.029121398925781,-18.87582015991211,15.242035865783691,-27.3657283782959,-20.088722229003906,-7.902712345123291,-28.733844757080078,-3.647707462310791,-13.177001953125,-10.871198654174805,-4.670122146606445,0.05398721620440483,0.0275139007717371,-0.0003728719602804631,-0.0004074406169820577,0.011952513828873634,0.0007401634939014912,-0.0015323313418775797,-0.004419240169227123,0.0053788768127560616,0.019976234063506126,0.003440654370933771,0.0010154425399377942,0.008649393916130066,0.33236435055732727,0.23409347236156464,0.20622539520263672,0.2201337069272995,0.28672778606414795,0.3357573449611664,0.3796505331993103,0.34364020824432373,0.38146722316741943,0.4415068030357361,0.49104660749435425,0.441097229719162,29.120325058524006,17.668579187488845,20.457461986512758,16.70094212575887,19.35020163708042,18.492468444714554,28.574388953237708,0.09580156205382638,BrianDePalma_3.wav,normal
-102.59005737304688,109.93354034423828,-34.802696228027344,22.4864444732666,-4.347036838531494,10.068588256835938,-11.404301643371582,-14.566296577453613,-4.54388952255249,-10.995001792907715,-13.087715148925781,-4.424813747406006,-14.775615692138672,-0.016060352325439453,-0.029570702463388443,0.011346027255058289,0.022834537550807,0.008112438954412937,-0.009192283265292645,-0.013680408708751202,-0.0005822620587423444,0.014812519773840904,-0.00720990588888526,-0.028452642261981964,-0.007042203564196825,-0.0007552505703642964,0.2885894477367401,0.3503631055355072,0.2968800961971283,0.29960283637046814,0.38011956214904785,0.40946152806282043,0.4600555896759033,0.4132899343967438,0.40589064359664917,0.3833349943161011,0.3959871232509613,0.3129127025604248,22.601553709317418,16.83617240399103,20.110160855165486,17.989453309676374,18.945520706186993,21.329595272015695,30.40917959084771,0.11122414623147425,BuddyGuy_2.wav,normal
-236.5223388671875,64.335205078125,-16.7609920501709,21.586057662963867,-15.771818161010742,8.353276252746582,-20.226016998291016,-16.966915130615234,-22.266233444213867,-1.1321288347244263,-7.321564674377441,-10.865386962890625,-12.304952621459961,-0.09342014789581299,-0.08930923044681549,0.015162878669798374,-0.0408746600151062,-0.009579778648912907,0.04540005326271057,-0.016937803477048874,0.011921525001525879,0.008036808110773563,0.024339374154806137,0.00029853786691091955,-0.005153719335794449,0.01632215827703476,0.3840160071849823,0.3931252360343933,0.4139672815799713,0.39920249581336975,0.3833157420158386,0.359753280878067,0.34856000542640686,0.35060396790504456,0.3572797477245331,0.3408150374889374,0.34793058037757874,0.4016953706741333,28.997181332442555,19.820391552435243,20.934893381517547,17.86732134709336,19.43158210831359,19.139435314089184,31.032520437107085,0.2002430766834724,BuddyGuy_3.wav,normal
-413.2320556640625,120.70267486572266,3.4254400730133057,22.869415283203125,10.822843551635742,-5.2703118324279785,-28.527551651000977,1.6176066398620605,-9.420403480529785,-4.269013404846191,-4.77313232421875,-6.949062347412109,-3.3443338871002197,-0.07710903137922287,0.041626229882240295,-0.014950183220207691,-0.02170516923069954,0.007050353102385998,0.000950718589592725,0.003359860274940729,-0.011986874975264072,0.0016542738303542137,-0.00040941729093901813,0.010233817622065544,0.0071389395743608475,-0.00318866316229105,0.457370787858963,0.41752105951309204,0.3543413281440735,0.30848684906959534,0.31137987971305847,0.39427459239959717,0.39145833253860474,0.395361065864563,0.42472919821739197,0.4446033537387848,0.4696654677391052,0.4737509489059448,23.08316976314004,14.84396813006508,17.986873243864444,15.774131716763328,19.197905171732245,16.70839485593691,20.698883999104275,0.07800934216809934,Burt Bacharach_1.wav,normal
-160.313720703125,113.58853149414062,22.23945426940918,3.1468899250030518,14.410517692565918,7.0009002685546875,-15.72785758972168,8.737377166748047,-5.190685272216797,0.5870593786239624,-5.807159900665283,-2.7521915435791016,-4.500549793243408,-0.00996085163205862,-0.0037573869340121746,0.029806887730956078,0.035685423761606216,0.014783138409256935,-0.006299592088907957,-0.009954164735972881,0.004716641269624233,-0.006970007438212633,-0.01966797187924385,0.0014777769101783633,0.005956243723630905,0.003680580761283636,0.42928874492645264,0.3893579840660095,0.31047990918159485,0.2811490595340729,0.2758709788322449,0.29554155468940735,0.30575239658355713,0.3882606625556946,0.48310035467147827,0.5426797866821289,0.5911238193511963,0.4838622510433197,27.593086633825198,14.8140513533291,16.775866491041498,15.577393619460409,18.479017520302705,16.264796792763484,35.44643488402961,0.08078711923926768,Burt Bacharach_2.wav,normal
-316.3829345703125,107.5251693725586,15.690890312194824,-16.611581802368164,5.07943868637085,-1.4482041597366333,-23.3875789642334,-2.824415445327759,-12.82685375213623,-1.8093022108078003,-10.275289535522461,-5.970771789550781,-6.572331428527832,-0.08068715780973434,0.017941094934940338,-0.01581752859055996,0.008695418946444988,0.00039532294613309205,0.0037234248593449593,0.010997212491929531,0.0035685552284121513,0.0035231392830610275,0.0026013304013758898,0.0038552703335881233,0.004445182625204325,0.0062900506891310215,0.5015381574630737,0.49167871475219727,0.47935712337493896,0.47962477803230286,0.5392064452171326,0.561019241809845,0.5757336616516113,0.5778363347053528,0.5438607931137085,0.49638864398002625,0.506357729434967,0.516975998878479,21.484009566048076,12.142810753228531,15.392990724837585,15.567868616401292,18.967687409017525,16.814103389661508,30.73056575376702,0.1320601153821737,Burt Bacharach_3.wav,normal
-324.277099609375,103.830810546875,2.651747703552246,33.28389358520508,8.258155822753906,2.9664559364318848,-4.968218803405762,-10.678740501403809,-5.832693576812744,-4.587063789367676,-2.1421403884887695,-0.8945313096046448,0.8256224989891052,0.05258040502667427,0.015917323529720306,-0.0056388722732663155,0.002213304163888097,0.0015070197405293584,-0.009448402561247349,-0.0039022075943648815,-1.4951294360798784e-05,-0.007124357391148806,-0.007910599000751972,-0.007833242416381836,-0.0026240351144224405,0.00019924435764551163,0.33182698488235474,0.3309510052204132,0.32611504197120667,0.3304812014102936,0.403960645198822,0.4435032606124878,0.3493105173110962,0.3285945653915405,0.3412981927394867,0.31754499673843384,0.3525630831718445,0.3882259130477905,18.424791203267823,16.372979683582127,20.124884718227612,16.075631836209922,17.196036885101243,18.840789274909092,27.395401239676517,0.09486386447964806,CalypsoRose_3.wav,normal
-216.5872039794922,81.42928314208984,3.392172336578369,31.85735321044922,-24.555606842041016,-11.739209175109863,-3.470371723175049,-10.589200019836426,-5.8350372314453125,-1.9127726554870605,-9.674052238464355,4.563345432281494,-4.509260654449463,-0.14613637328147888,0.016933709383010864,0.06318105757236481,0.014944754540920258,0.001878285314887762,-0.020221389830112457,-0.0007514298195019364,-0.00949475634843111,-0.007650346960872412,0.009486282244324684,0.002623374341055751,0.0014113130746409297,-0.008413687348365784,0.35427767038345337,0.344468891620636,0.32164236903190613,0.3029286861419678,0.29155126214027405,0.3093916177749634,0.30137428641319275,0.32140904664993286,0.3351016342639923,0.3601214587688446,0.37507474422454834,0.3903312385082245,18.650906795696287,17.776597996785043,19.74867741500944,18.905479566993012,17.917859005726417,19.973745211888374,32.88861730873031,0.12253111346638033,CalypsoRose__1.wav,normal
-261.7581481933594,75.71249389648438,-27.766759872436523,38.1655387878418,-4.058746337890625,-7.757458209991455,-5.196295738220215,-6.147047519683838,-11.229657173156738,-3.4363372325897217,-7.416813850402832,1.8346433639526367,-5.645438194274902,0.06050409376621246,-0.1124049723148346,0.01195104606449604,0.05127245932817459,-0.012957931496202946,-0.03428252786397934,0.04722306504845619,-0.06465506553649902,-0.0017566797323524952,0.02027016319334507,0.02218019776046276,-0.011590203270316124,0.008081427775323391,0.396221786737442,0.37703219056129456,0.4313899874687195,0.45699357986450195,0.41888460516929626,0.47592127323150635,0.45985209941864014,0.48263517022132874,0.4804616868495941,0.5087532997131348,0.47677069902420044,0.4266963601112366,24.831647603978045,15.43162255424482,18.141841342164813,16.12150883137569,16.26607804789636,18.598353935406834,30.320079952182017,0.1731525577910959,CharlesAznavour_1.wav,normal
-288.6175537109375,97.48463439941406,6.464890480041504,15.892196655273438,9.38955020904541,0.013994867913424969,-10.554287910461426,1.5107085704803467,-3.162846326828003,-0.4996640086174011,1.2347729206085205,-0.08444606512784958,-1.56949782371521,0.11176753789186478,-0.22314150631427765,0.05119873583316803,-0.07873184978961945,-0.013849932700395584,0.061655085533857346,-0.013674307614564896,-0.010253348387777805,0.014212591573596,0.04292559251189232,0.007264976855367422,-0.010909100994467735,0.02099786326289177,0.4409791827201843,0.3433398902416229,0.37478840351104736,0.38762784004211426,0.3637559413909912,0.3186820149421692,0.2862059473991394,0.35029688477516174,0.4271140694618225,0.44567763805389404,0.5023642778396606,0.5234939455986023,18.894891001050397,16.812129535935643,18.476019558713425,17.15452241272442,18.560448751170885,17.12727487828832,31.284855915900913,0.11848763410678642,CharlesAznavour_2.wav,normal
-338.8759765625,100.45280456542969,12.639192581176758,13.662775039672852,8.02015209197998,-10.43231201171875,-3.7451817989349365,-9.831283569335938,-17.42975616455078,-1.6772483587265015,-6.363100528717041,-4.173982620239258,-5.09415340423584,0.09856750071048737,0.022802390158176422,-0.02621987834572792,-0.006462991237640381,0.008652986027300358,-0.0198788121342659,-0.012010867707431316,-0.0020269223023205996,-0.0104234479367733,-0.00954007264226675,-0.0056309751234948635,-0.005269820801913738,-0.007471953984349966,0.39588597416877747,0.42596060037612915,0.456683486700058,0.4412269592285156,0.3493487536907196,0.3180297017097473,0.32298368215560913,0.31419837474823,0.36658814549446106,0.37034448981285095,0.38897544145584106,0.36846795678138733,27.43719653933802,17.029253147844372,19.695827054195398,16.95233780748899,17.244809380945423,17.461235078614237,29.98053011011153,0.10917582286910198,CharlesAznavour_3.wav,normal
-255.7997589111328,105.9770278930664,11.089213371276855,27.812908172607422,-9.859569549560547,4.831814765930176,-12.62800121307373,-7.5165300369262695,-7.4522857666015625,0.8344878554344177,-3.4116954803466797,-5.615681171417236,-0.8221878409385681,0.10041694343090057,0.07818534970283508,0.018066268414258957,0.005875938106328249,0.004557513166218996,0.013376022689044476,0.014329077675938606,0.007938623428344727,0.002169627696275711,0.010252909734845161,0.009560610167682171,0.0028268671594560146,-0.0015983660705387592,0.42348822951316833,0.3914220333099365,0.356770783662796,0.32463744282722473,0.33697760105133057,0.3592706322669983,0.35543981194496155,0.38579773902893066,0.44682830572128296,0.48400360345840454,0.5096824765205383,0.5043445229530334,25.44619773891747,15.03847877223145,18.573631354487848,16.518536023250267,17.13984385685896,17.656074412713178,29.583416022901975,0.10865038790855355,CharlieWatts_3.wav,normal
